source,author,title,description,url,urlToImage,publishedAt,content
"{'id': 'cnn', 'name': 'CNN'}",Artemis Moshtaghian,"Too many students standing on top of a home near Ohio State University led to its roof collapsing, leaving at least 14 people hospitalized","At least fourteen people were injured and taken to nearby hospitals after a roof collapsed at a Columbus, Ohio, home near Ohio State University because too many people were standing atop the roof, according to officials.",https://www.cnn.com/2023/05/01/us/columbus-ohio-roof-collapse-students-injured/index.html,"https://media.cnn.com/api/v1/images/stellar/prod/230501122303-columbus-ohio-roof-collapse.jpg?c=16x9&q=w_800,c_fill",2023-05-01T06:15:07Z,"At least fourteen people were injured and taken to nearby hospitals after a roof collapsed at a Columbus, Ohio, home near Ohio State University because too many people were standing atop the roof, ac… [+1244 chars]"
"{'id': 'google-news', 'name': 'Google News'}",,Правительство Великобритании не видит проблемы в блокировке сделки между Microsoft и Activision Blizzard - Shazoo,"<ol><li>Правительство Великобритании не видит проблемы в блокировке сделки между Microsoft и Activision Blizzard  Shazoo
</li><li>Украина одобрила сделку между Microsoft и Activision Blizzard  overclockers.ru
</li><li>Блокировка покупки Activision в Великоб…",https://consent.google.com/ml?continue=https://news.google.com/rss/articles/CBMiiwFodHRwczovL3NoYXpvby5ydS8yMDIzLzA1LzAxLzE0Mjk1OS9wcmF2aXRlbHN0dm8tdmVsaWtvYnJpdGFuaWktbmUtdmlkaXQtcHJvYmxlbXktdi1ibG9raXJvdmtlLXNkZWxraS1tZXpkdS1taWNyb3NvZnQtaS1hY3RpdmlzaW9uLWJsaXp6YXJk0gEA?oc%3D5&gl=FR&hl=en-US&cm=2&pc=n&src=1,,2023-05-01T06:15:00Z,"We use cookies and data to<ul><li>Deliver and maintain Google services</li><li>Track outages and protect against spam, fraud, and abuse</li><li>Measure audience engagement and site statistics to unde… [+1131 chars]"
"{'id': 'google-news', 'name': 'Google News'}",,ASX JDO: Judo costs not encumbered by legacy - The Australian Financial Review,ASX JDO: Judo costs not encumbered by legacy  The Australian Financial Review,https://consent.google.com/ml?continue=https://news.google.com/rss/articles/CBMib2h0dHBzOi8vd3d3LmFmci5jb20vY29tcGFuaWVzL2ZpbmFuY2lhbC1zZXJ2aWNlcy9qdWRvLXdhbnRzLXRvLWJlLXRoZS1sZWFuZXN0LWJhbmstaW4tYXVzdHJhbGlhLTIwMjMwNTAxLXA1ZDRocdIBAA?oc%3D5&gl=FR&hl=en-US&cm=2&pc=n&src=1,,2023-05-01T06:14:00Z,"We use cookies and data to<ul><li>Deliver and maintain Google services</li><li>Track outages and protect against spam, fraud, and abuse</li><li>Measure audience engagement and site statistics to unde… [+1131 chars]"
"{'id': 'cnn', 'name': 'CNN'}",Gonzalo Jimenez,McCarthy promete invitar a Netanyahu a Washington si Biden no lo hace,"Kevin McCarthy se convertirá este lunes en el primer presidente de la Cámara de Representantes que se dirija al Parlamento israelí, la Knesset, desde que lo hiciera Newt Gingrich en 1998.",https://cnnespanol.cnn.com/2023/05/01/kevin-mccarthy-promete-invitar-netanyahu-washington-si-biden-no-lo-hace-trax/,https://cnnespanol.cnn.com/wp-content/uploads/2023/04/230417222359-mccarthy-biden-debt-ceiling-042023.webp,2023-05-01T06:13:18Z,"(CNN) -- De visita en Israel, el presidente de la Cámara de Representantes de Estados Unidos, el republicano Kevin McCarthy, prometió que si el presidente Joe Biden no invita pronto al primer ministr… [+1251 chars]"
"{'id': 'bbc-news', 'name': 'BBC News'}",https://www.facebook.com/bbcnews,National Highways: The traffic officers helping keep our roads moving,"With more than 670-miles of roads to cover, what is it like to patrol some of the UK's busiest routes?",https://www.bbc.co.uk/news/uk-england-leeds-65348847,https://ichef.bbci.co.uk/news/1024/branded_news/12CB2/production/_129487967_oli05344.jpg,2023-05-01T06:12:33Z,"Just days after the government scrapped all new smart motorway plans over cost and safety concerns, the BBC spent a shift with the National Highways team in Yorkshire to see how its officers work to … [+8529 chars]"
"{'id': 'google-news', 'name': 'Google News'}",,Hawsawi banned for spitting in title race blow for Al-Ittihad - Reuters,Hawsawi banned for spitting in title race blow for Al-Ittihad  Reuters,https://consent.google.com/ml?continue=https://news.google.com/rss/articles/CBMiZGh0dHBzOi8vd3d3LnJldXRlcnMuY29tL3Nwb3J0cy9zb2NjZXIvaGF3c2F3aS1iYW5uZWQtc3BpdHRpbmctdGl0bGUtcmFjZS1ibG93LWFsLWl0dGloYWQtMjAyMy0wNS0wMS_SAQA?oc%3D5&gl=FR&hl=en-US&cm=2&pc=n&src=1,,2023-05-01T06:11:35Z,"We use cookies and data to<ul><li>Deliver and maintain Google services</li><li>Track outages and protect against spam, fraud, and abuse</li><li>Measure audience engagement and site statistics to unde… [+1131 chars]"
"{'id': 'google-news', 'name': 'Google News'}",,Selenskyj bedankt sich bei Macron für Waffenhilfe - Die Lage im Überblick - WEB.DE News,"<ol><li>Selenskyj bedankt sich bei Macron für Waffenhilfe - Die Lage im Überblick  WEB.DE News
</li><li>""Mögliche Szenarien beschrieben"": Ukraines Armeechef berät sich mit NATO-Oberbefehlshaber  n-tv NACHRICHTEN
</li><li>Ukraine-Krieg | Die Nacht im Überbli…",https://consent.google.com/ml?continue=https://news.google.com/rss/articles/CBMiZGh0dHBzOi8vd2ViLmRlL21hZ2F6aW5lL3BvbGl0aWsvcnVzc2xhbmQta3JpZWctdWtyYWluZS9zZWxlbnNreWotYmVkYW5rdC1tYWNyb24td2FmZmVuaGlsZmUtMzgxNjM1MDDSAQA?oc%3D5&gl=FR&hl=en-US&cm=2&pc=n&src=1,,2023-05-01T06:11:18Z,"We use cookies and data to<ul><li>Deliver and maintain Google services</li><li>Track outages and protect against spam, fraud, and abuse</li><li>Measure audience engagement and site statistics to unde… [+1131 chars]"
"{'id': 'google-news', 'name': 'Google News'}",,Turkey's Erdogan says IS leader killed in Syria - Reuters,"<ol><li>Turkey's Erdogan says IS leader killed in Syria  Reuters
</li><li>Suspected Islamic State chief Qurayshi killed in Syria, Turkey says  BBC
</li><li>Erdogan says Turkish forces killed IS chief in Syria  Yahoo News
</li><li>Turkey kills ISIS leader i…",https://consent.google.com/ml?continue=https://news.google.com/rss/articles/CCAiC3FlRHBrYTZra0xVmAEB?oc%3D5&gl=FR&hl=en-US&cm=2&pc=n&src=1,,2023-05-01T06:10:33Z,"We use cookies and data to<ul><li>Deliver and maintain Google services</li><li>Track outages and protect against spam, fraud, and abuse</li><li>Measure audience engagement and site statistics to unde… [+1131 chars]"
"{'id': 'google-news', 'name': 'Google News'}",,Что происходит после ввода войск России на Украину. День 432-й - Коммерсантъ,"<ol><li>Что происходит после ввода войск России на Украину. День 432-й  Коммерсантъ
</li><li>431-й день полномасштабного российского вторжения в Украину  RFI на русском
</li><li>Что происходило после ввода войск России на Украину. День 431-й  Коммерсантъ
<…",https://consent.google.com/ml?continue=https://news.google.com/rss/articles/CBMiJWh0dHBzOi8vd3d3LmtvbW1lcnNhbnQucnUvZG9jLzU5NjYyMzPSASVodHRwczovL3d3dy5rb21tZXJzYW50LnJ1L2FtcC81OTY2MjMz?oc%3D5&gl=FR&hl=en-US&cm=2&pc=n&src=1,,2023-05-01T06:10:18Z,"We use cookies and data to<ul><li>Deliver and maintain Google services</li><li>Track outages and protect against spam, fraud, and abuse</li><li>Measure audience engagement and site statistics to unde… [+1131 chars]"
"{'id': 'google-news', 'name': 'Google News'}",,Agenda dell'1 maggio 2023 - Borsa Italiana,"<ol><li>Agenda dell'1 maggio 2023  Borsa Italiana
</li><li>Borsa Italiana è aperta il 1° maggio 2023, Festa dei Lavoratori?  Money.it
</li><li>Borsa Italiana è chiusa o aperta l'1 maggio 2023? Mercati alternativi per fare trading online  BorsaInside.com
</…",https://consent.google.com/ml?continue=https://news.google.com/rss/articles/CBMicGh0dHBzOi8vd3d3LmJvcnNhaXRhbGlhbmEuaXQvYm9yc2Evbm90aXppZS90ZWxlYm9yc2EvZmluYW56YS9hZ2VuZGEtZGVsbC0xLW1hZ2dpby0yMDIzLTFfMjAyMy0wNS0wMV9UTEItQklULmh0bWzSAQA?oc%3D5&gl=FR&hl=en-US&cm=2&pc=n&src=1,,2023-05-01T06:10:00Z,"We use cookies and data to<ul><li>Deliver and maintain Google services</li><li>Track outages and protect against spam, fraud, and abuse</li><li>Measure audience engagement and site statistics to unde… [+1131 chars]"
"{'id': 'google-news', 'name': 'Google News'}",,"暢談美中台議題! 賴清德接見波頓提經貿合作盼台入""CPTPP"" 波頓展幽默稱賴""即將拚選舉""記者魏汶萱林楷鈞【LIVE大現場】20230501三立新聞台 - 三立LIVE新聞","<ol><li>暢談美中台議題! 賴清德接見波頓提經貿合作盼台入""CPTPP"" 波頓展幽默稱賴""即將拚選舉""記者魏汶萱林楷鈞【LIVE大現場】20230501三立新聞台  三立LIVE新聞
</li><li>【訪問完整】讓中國不敢輕舉妄動! 賴清德感謝""FAPA""促進台美關係曝台灣能在印太地區發揮關鍵力量高喊""團結合作""一定能達到和平目標｜【焦點要聞】20230501｜三立iNEWS  三立iNEWS
</li><li>中俄新軸心威脅世界 波頓：中國才是麻煩製造者  自由時報
</li><li>[訪問完整]…",https://consent.google.com/ml?continue=https://news.google.com/rss/articles/CCAiC2Ytd05PTEdRdHljmAEB?oc%3D5&gl=FR&hl=en-US&cm=2&pc=n&src=1,,2023-05-01T06:10:00Z,"We use cookies and data to<ul><li>Deliver and maintain Google services</li><li>Track outages and protect against spam, fraud, and abuse</li><li>Measure audience engagement and site statistics to unde… [+1131 chars]"
"{'id': 'google-news', 'name': 'Google News'}",,"Centre blocks 14 mobile apps ‘used by terrorists, their supporters in J&K’ - The Indian Express","<ol><li>Centre blocks 14 mobile apps ‘used by terrorists, their supporters in J&K’  The Indian Express
</li><li>Centre Blocks 14 Mobile Messenger Apps In Big Crackdown On Terror Groups  NDTV
</li><li>Breaking News: Centre Blocks 14 Mobile Apps Used By Terro…",https://consent.google.com/ml?continue=https://news.google.com/rss/articles/CBMiXWh0dHBzOi8vaW5kaWFuZXhwcmVzcy5jb20vYXJ0aWNsZS9pbmRpYS9tb2JpbGUtYXBwcy1ibG9ja2VkLWphbW11LWthc2htaXItdGVycm9yaXN0cy04NTg1MDQ2L9IBYmh0dHBzOi8vaW5kaWFuZXhwcmVzcy5jb20vYXJ0aWNsZS9pbmRpYS9tb2JpbGUtYXBwcy1ibG9ja2VkLWphbW11LWthc2htaXItdGVycm9yaXN0cy04NTg1MDQ2L2xpdGUv?oc%3D5&gl=FR&hl=en-US&cm=2&pc=n&src=1,,2023-05-01T06:09:50Z,"We use cookies and data to<ul><li>Deliver and maintain Google services</li><li>Track outages and protect against spam, fraud, and abuse</li><li>Measure audience engagement and site statistics to unde… [+1131 chars]"
"{'id': 'google-news', 'name': 'Google News'}",,Губернатор Вениамин Кондратьев поздравил жителей Краснодарского края с Праздником весны и труда - Кубанские Новости,"<ol><li>Губернатор Вениамин Кондратьев поздравил жителей Краснодарского края с Праздником весны и труда  Кубанские Новости
</li><li>Сергей Собянин поздравил москвичей с Праздником Весны и Труда / Новости города / Сайт Москвы  Официальный сайт Мэра Москвы
</…",https://consent.google.com/ml?continue=https://news.google.com/rss/articles/CBMihQFodHRwczovL2t1Ym5ld3MucnUvdmxhc3QvMjAyMy8wNS8wMS9ndWJlcm5hdG9yLXZlbmlhbWluLWtvbmRyYXRldi1wb3pkcmF2aWwtemhpdGVsZXkta3Jhc25vZGFyc2tvZ28ta3JheWEtcy1wcmF6ZG5pa29tLXZlc255LWktdHJ1ZGEv0gGJAWh0dHBzOi8va3VibmV3cy5ydS9hbXAvdmxhc3QvMjAyMy8wNS8wMS9ndWJlcm5hdG9yLXZlbmlhbWluLWtvbmRyYXRldi1wb3pkcmF2aWwtemhpdGVsZXkta3Jhc25vZGFyc2tvZ28ta3JheWEtcy1wcmF6ZG5pa29tLXZlc255LWktdHJ1ZGEv?oc%3D5&gl=FR&hl=en-US&cm=2&pc=n&src=1,,2023-05-01T06:09:47Z,"We use cookies and data to<ul><li>Deliver and maintain Google services</li><li>Track outages and protect against spam, fraud, and abuse</li><li>Measure audience engagement and site statistics to unde… [+1131 chars]"
"{'id': 'google-news', 'name': 'Google News'}",,影／韓家軍捎來「韓郭和解」訊號？郭台銘：我會去拜訪韓市長 - 聯合新聞網,"<ol><li>影／韓家軍捎來「韓郭和解」訊號？郭台銘：我會去拜訪韓市長  聯合新聞網
</li><li>與高雄立委參選人座談 郭台銘：人民有錢政府有責任  Yahoo奇摩新聞
</li><li>自評勝選機率高？郭台銘嗆：賴清德不敢把清廉擺進去  Newtalk新聞
</li><li>叫我「阿銘」！郭台銘南部搏感情批賴不敢談清廉  udn video
</li><li>不當郭董了！郭台銘自稱「媽祖廟ㄟ阿銘」 高雄撂台語搏感情  Yahoo奇摩新聞
</li><li>前往 Google 新聞查看完整報導<…",https://consent.google.com/ml?continue=https://news.google.com/rss/articles/CBMiJ2h0dHBzOi8vdWRuLmNvbS9uZXdzL3N0b3J5LzY2NTYvNzEzNDYxMNIBLWh0dHBzOi8vdWRuLmNvbS9uZXdzL2FtcC9zdG9yeS8xMjMzMDcvNzEzNDYxMA?oc%3D5&gl=FR&hl=en-US&cm=2&pc=n&src=1,,2023-05-01T06:09:44Z,"We use cookies and data to<ul><li>Deliver and maintain Google services</li><li>Track outages and protect against spam, fraud, and abuse</li><li>Measure audience engagement and site statistics to unde… [+1131 chars]"
"{'id': 'google-news', 'name': 'Google News'}",,Die Lage in der Ukraine: Selenskyjs Armeechef informiert NATO-Kommandeur über Pläne - FAZ - Frankfurter Allgemeine Zeitung,"<ol><li>Die Lage in der Ukraine: Selenskyjs Armeechef informiert NATO-Kommandeur über Pläne  FAZ - Frankfurter Allgemeine Zeitung
</li><li>Ukraine-Krieg | Die Nacht im Überblick: Luftalarm im gesamten Land  t-online
</li><li>""Mögliche Szenarien beschrieben""…",https://consent.google.com/ml?continue=https://news.google.com/rss/articles/CBMiiwFodHRwczovL3d3dy5mYXoubmV0L2FrdHVlbGwvcG9saXRpay9hdXNsYW5kL3VrcmFpbmUta3JpZWctc2VsZW5za3lqcy1vYmVyYmVmZWhsc2hhYmVyLWluZm9ybWllcnQtbmF0by1rb21tYW5kZXVyLXVlYmVyLXBsYWVuZS0xODg2MDIzMy5odG1s0gGNAWh0dHBzOi8vbS5mYXoubmV0L2FrdHVlbGwvcG9saXRpay9hdXNsYW5kL3VrcmFpbmUta3JpZWctc2VsZW5za3lqcy1vYmVyYmVmZWhsc2hhYmVyLWluZm9ybWllcnQtbmF0by1rb21tYW5kZXVyLXVlYmVyLXBsYWVuZS0xODg2MDIzMy5hbXAuaHRtbA?oc%3D5&gl=FR&hl=en-US&cm=2&pc=n&src=1,,2023-05-01T06:09:00Z,"We use cookies and data to<ul><li>Deliver and maintain Google services</li><li>Track outages and protect against spam, fraud, and abuse</li><li>Measure audience engagement and site statistics to unde… [+1131 chars]"
"{'id': 'google-news', 'name': 'Google News'}",,Uniform Civil Code In Karnataka Among BJP's Election Promises - NDTV,"<ol><li>Uniform Civil Code In Karnataka Among BJP's Election Promises  NDTV
</li><li>Karnataka Elections 2023: JP Nadda To Release BJP’s Manifesto Today  ABP Live
</li><li>Karnataka Elections 2023 LIVE Updates: BJP national president JP Nadda releases manif…",https://consent.google.com/ml?continue=https://news.google.com/rss/articles/CBMisgFodHRwczovL3d3dy5uZHR2LmNvbS9pbmRpYS1uZXdzL2thcm5hdGFrYS1hc3NlbWJseS1lbGVjdGlvbi0yMDIzLWJqcC1wcm9taXNlcy11bmlmb3JtLWNpdmlsLWNvZGUtaW4ta2FybmF0YWthLXN0YXRlLWNhcGl0YWwtcmVnaW9uLXRhZy1mb3ItYmVuZ2FsdXJ1LWluLWVsZWN0aW9uLW1hbmlmZXN0by0zOTk0MTg20gG4AWh0dHBzOi8vd3d3Lm5kdHYuY29tL2luZGlhLW5ld3Mva2FybmF0YWthLWFzc2VtYmx5LWVsZWN0aW9uLTIwMjMtYmpwLXByb21pc2VzLXVuaWZvcm0tY2l2aWwtY29kZS1pbi1rYXJuYXRha2Etc3RhdGUtY2FwaXRhbC1yZWdpb24tdGFnLWZvci1iZW5nYWx1cnUtaW4tZWxlY3Rpb24tbWFuaWZlc3RvLTM5OTQxODYvYW1wLzE?oc%3D5&gl=FR&hl=en-US&cm=2&pc=n&src=1,,2023-05-01T06:09:00Z,"We use cookies and data to<ul><li>Deliver and maintain Google services</li><li>Track outages and protect against spam, fraud, and abuse</li><li>Measure audience engagement and site statistics to unde… [+1131 chars]"
"{'id': 'google-news', 'name': 'Google News'}",,"7 новых сериалов 2023 года, которые можно посмотреть за выходные - Film.ru","<ol><li>7 новых сериалов 2023 года, которые можно посмотреть за выходные  Film.ru
</li><li>Сериалы мая 2023 года: Премьеры  Cadelta.ru
</li><li>5 новых фильмов, которые нужно посмотреть в мае-2023  Life.ru
</li><li>Посмотреть в приложении ""Google Новости""<…",https://consent.google.com/ml?continue=https://news.google.com/rss/articles/CBMiXGh0dHBzOi8vd3d3LmZpbG0ucnUvYXJ0aWNsZXMvNy1ub3Z5aC1zZXJpYWxvdi0yMDIzLWdvZGEta290b3J5ZS1tb3pobm8tcG9zbW90cmV0LXphLXZ5aG9kbnll0gEA?oc%3D5&gl=FR&hl=en-US&cm=2&pc=n&src=1,,2023-05-01T06:07:55Z,"We use cookies and data to<ul><li>Deliver and maintain Google services</li><li>Track outages and protect against spam, fraud, and abuse</li><li>Measure audience engagement and site statistics to unde… [+1131 chars]"
"{'id': 'bbc-news', 'name': 'BBC News'}",https://www.facebook.com/bbcnews,East Belfast: Man arrested during alert at Alexander Road,The alert began as a man was detained after a single-vehicle crash in the east of city.,https://www.bbc.co.uk/news/uk-northern-ireland-65446571,https://ichef.bbci.co.uk/news/1024/branded_news/16DEB/production/_129557639_gettyimages-1164210967.jpg,2023-05-01T06:07:24Z,"A man has been arrested at the scene of a security alert in east Belfast.
He was detained by police following a traffic collision at Alexander Road.
Only one vehicle was involved in the crash.
A n… [+238 chars]"
"{'id': 'bbc-news', 'name': 'BBC News'}",,2023/05/01 06:00 GMT,The latest five minute news bulletin from BBC World Service.,https://www.bbc.co.uk/programmes/w172z2qsfpydffp,https://ichef.bbci.co.uk/images/ic/1200x675/p060dh18.jpg,2023-05-01T06:06:00Z,The latest five minute news bulletin from BBC World Service.
"{'id': 'google-news', 'name': 'Google News'}",,"Erdogan verkündet ""Neutralisierung"" von IS-Anführer - tagesschau.de","<ol><li>Erdogan verkündet ""Neutralisierung"" von IS-Anführer  tagesschau.de
</li><li>Terrormiliz ""Islamischer Staat"": Türkei will mutmaßlichen Anführer ""neutralisiert"" haben  t-online
</li><li>Geheimdienst-Einsatz in Syrien: Erdogan meldet Tötung von IS-Anfü…",https://consent.google.com/ml?continue=https://news.google.com/rss/articles/CBMiPGh0dHBzOi8vd3d3LnRhZ2Vzc2NoYXUuZGUvYXVzbGFuZC9ldXJvcGEvdHVlcmtlaS1pcy0xMDAuaHRtbNIBAA?oc%3D5&gl=FR&hl=en-US&cm=2&pc=n&src=1,,2023-05-01T06:05:19Z,"We use cookies and data to<ul><li>Deliver and maintain Google services</li><li>Track outages and protect against spam, fraud, and abuse</li><li>Measure audience engagement and site statistics to unde… [+1131 chars]"
"{'id': 'fox-news', 'name': 'Fox News'}",Benjamin Weinthal,Turkey's Erdogan fights for political survival in tight race with presidential challenger,Turkey’s President Erdogan is scrambling to defeat a soft-spoken former civil servant who he is neck and neck with in the latest the polls. The presidential election will be held on May 14th.,https://www.foxnews.com/world/turkeys-erdogan-fights-political-survival-tight-race-presidential-challenger,https://static.foxnews.com/foxnews.com/content/uploads/2023/02/Sanliurfa-Feb-11-Palkot-with-Turkish-Pres-Erdogan.png,2023-05-01T06:05:15Z,"Turkish President Recep Tayyip Erdogan was forced to suspend his election campaign events on Wednesday after abruptly falling ill during a live television interview.
Erdogan tweeted after the appear… [+9372 chars]"
"{'id': 'google-news', 'name': 'Google News'}",,"Energy bill relief to target low-income households, pensioners - The Australian Financial Review","Energy bill relief to target low-income households, pensioners  The Australian Financial Review",https://consent.google.com/ml?continue=https://news.google.com/rss/articles/CBMicmh0dHBzOi8vd3d3LmFmci5jb20vY29tcGFuaWVzL2VuZXJneS9lbmVyZ3ktYmlsbC1yZWxpZWYtdG8tdGFyZ2V0LWxvdy1pbmNvbWUtaG91c2Vob2xkcy1wZW5zaW9uZXJzLTIwMjMwNTAxLXA1ZDRpc9IBAA?oc%3D5&gl=FR&hl=en-US&cm=2&pc=n&src=1,,2023-05-01T06:05:00Z,"We use cookies and data to<ul><li>Deliver and maintain Google services</li><li>Track outages and protect against spam, fraud, and abuse</li><li>Measure audience engagement and site statistics to unde… [+1131 chars]"
"{'id': 'google-news', 'name': 'Google News'}",,Retail industry | Business | The Guardian - The Guardian,Retail industry | Business | The Guardian  The Guardian,https://consent.google.com/ml?continue=https://news.google.com/rss/articles/CBMiO2h0dHBzOi8vd3d3LnRoZWd1YXJkaWFuLmNvbS9idXNpbmVzcy9yZXRhaWwvMjAyMy9tYXkvMDEvYWxs0gEA?oc%3D5&gl=FR&hl=en-US&cm=2&pc=n&src=1,,2023-05-01T06:04:43Z,"We use cookies and data to<ul><li>Deliver and maintain Google services</li><li>Track outages and protect against spam, fraud, and abuse</li><li>Measure audience engagement and site statistics to unde… [+1131 chars]"
"{'id': 'google-news', 'name': 'Google News'}",,Too high for comfort: Five questions for the ECB - Reuters,Too high for comfort: Five questions for the ECB  Reuters,https://consent.google.com/ml?continue=https://news.google.com/rss/articles/CBMiVmh0dHBzOi8vd3d3LnJldXRlcnMuY29tL21hcmtldHMvZXVyb3BlL3Rvby1oaWdoLWNvbWZvcnQtZml2ZS1xdWVzdGlvbnMtZWNiLTIwMjMtMDUtMDEv0gEA?oc%3D5&gl=FR&hl=en-US&cm=2&pc=n&src=1,,2023-05-01T06:03:10Z,"We use cookies and data to<ul><li>Deliver and maintain Google services</li><li>Track outages and protect against spam, fraud, and abuse</li><li>Measure audience engagement and site statistics to unde… [+1131 chars]"
"{'id': 'google-news', 'name': 'Google News'}",,"Napoli-Salernitana, il gelo sullo stadio Maradona: «Ma i campioni dell'Italia saremo noi» - ilmattino.it","<ol><li>Napoli-Salernitana, il gelo sullo stadio Maradona: «Ma i campioni dell'Italia saremo noi»  ilmattino.it
</li><li>Napoli - Salernitana (1-1) Serie A 2022 - la Repubblica  la Repubblica
</li><li>E ora il Napoli quando può vincere lo scudetto? Ecco tut…",https://consent.google.com/ml?continue=https://news.google.com/rss/articles/CBMiYWh0dHBzOi8vd3d3LmlsbWF0dGluby5pdC9zcG9ydC9zc2NuYXBvbGkvbmFwb2xpX3NhbGVybml0YW5hX3JhY2NvbnRvX3N0YWRpb19tYXJhZG9uYS03Mzc1MzUwLmh0bWzSAVtodHRwczovL3d3dy5pbG1hdHRpbm8uaXQvQU1QL3Nwb3J0L25hcG9saV9zYWxlcm5pdGFuYV9yYWNjb250b19zdGFkaW9fbWFyYWRvbmEtNzM3NTM1MC5odG1s?oc%3D5&gl=FR&hl=en-US&cm=2&pc=n&src=1,,2023-05-01T06:03:10Z,"We use cookies and data to<ul><li>Deliver and maintain Google services</li><li>Track outages and protect against spam, fraud, and abuse</li><li>Measure audience engagement and site statistics to unde… [+1131 chars]"
"{'id': 'abc-news', 'name': 'ABC News'}",KEN SWEET AP Business Writer,First Republic in limbo as US regulators juggle bank's fate,"Regulators are searching for a solution to First Republic Bank’s woes, hoping to find a way forward before U.S. stock markets open Monday",https://abcnews.go.com/Business/wireStory/republic-limbo-us-regulators-juggle-banks-fate-98978290,https://s.abcnews.com/images/US/wirestory_5ab48702b7136d42f73ac13e0a20955d_12x5_992.jpg,2023-05-01T06:02:59Z,"NEW YORK -- Regulators searched for a solution to First Republic Banks woes over the weekend, hoping to find a way forward before U.S. stock markets opened Monday. 
San Francisco-based First Republi… [+4496 chars]"
"{'id': 'abc-news', 'name': 'ABC News'}",HYUNG-JIN KIM Associated Press,Big May Day events in Asia call for better labor conditions,Workers and activists across Asia are marking May Day with protests calling for higher salaries and better working conditions,https://abcnews.go.com/Business/wireStory/big-day-events-asia-call-labor-conditions-98978415,https://s.abcnews.com/images/Business/wirestory_046a06a418c3d180eaf39ff9c9e97d18_16x9_992.jpg,2023-05-01T06:02:53Z,"SEOUL, South Korea -- A large number of workers and activists in Asian countries are set to mark May Day on Monday with protests calling for higher salaries and better working conditions, among other… [+6220 chars]"
"{'id': 'abc-news', 'name': 'ABC News'}",KEN SWEET AP Business Writer,First Republic in limbo as US regulators juggle bank's fate,"Regulators are searching for a solution to First Republic Bank’s woes, hoping to find a way forward before U.S. stock markets open Monday",https://abcnews.go.com/Politics/wireStory/republic-limbo-us-regulators-juggle-banks-fate-98978198,https://s.abcnews.com/images/US/wirestory_5ab48702b7136d42f73ac13e0a20955d_12x5_992.jpg,2023-05-01T06:02:51Z,"NEW YORK -- Regulators searched for a solution to First Republic Banks woes over the weekend, hoping to find a way forward before U.S. stock markets opened Monday. 
San Francisco-based First Republi… [+4496 chars]"
"{'id': 'google-news', 'name': 'Google News'}",,More research proves that air pollution causes heart problems - Earth.com,"<ol><li>More research proves that air pollution causes heart problems  Earth.com
</li><li>Air pollution spikes linked to irregular heartbeats, study finds  The Guardian
</li><li>Air pollution exposure can damage the heart within hours  The Telegraph
</li><…",https://consent.google.com/ml?continue=https://news.google.com/rss/articles/CBMiWWh0dHBzOi8vd3d3LmVhcnRoLmNvbS9uZXdzL21vcmUtcmVzZWFyY2gtcHJvdmVzLXRoYXQtYWlyLXBvbGx1dGlvbi1jYXVzZXMtaGVhcnQtcHJvYmxlbXMv0gEA?oc%3D5&gl=FR&hl=en-US&cm=2&pc=n&src=1,,2023-05-01T06:02:25Z,"We use cookies and data to<ul><li>Deliver and maintain Google services</li><li>Track outages and protect against spam, fraud, and abuse</li><li>Measure audience engagement and site statistics to unde… [+1131 chars]"
"{'id': 'abc-news', 'name': 'ABC News'}",TIA GOLDENBERG Associated Press,Palestinians: Israeli fire kills teen in West Bank raid,The Palestinian Health Ministry says Israeli forces have fatally shot a Palestinian teenager in a raid in the occupied West Bank,https://abcnews.go.com/International/wireStory/palestinians-israeli-fire-kills-teen-west-bank-raid-98978291,https://s.abcnews.com/images/US/abc_news_default_2000x2000_update_16x9_992.jpg,2023-05-01T06:02:01Z,"TEL AVIV, Israel -- Israeli forces fatally shot a Palestinian teenager in a raid in the occupied West Bank on Monday, the Palestinian Health Ministry said, part of a relentless wave of violence that … [+1789 chars]"
"{'id': 'google-news', 'name': 'Google News'}",,"""Grill den Henssler"": ""Problem"" bringt Laura Wontorra völlig aus dem Konzept - watson","<ol><li>""Grill den Henssler"": ""Problem"" bringt Laura Wontorra völlig aus dem Konzept  watson
</li><li>Bei ""Grill den Henssler"" bringt Djamila Rowe die Moderatorin aus dem Konzept  BUNTE.de
</li><li>„Grill den Henssler“: Verkorkster Show-Start lässt Steffen …",https://consent.google.com/ml?continue=https://news.google.com/rss/articles/CBMieGh0dHBzOi8vd3d3LndhdHNvbi5kZS91bnRlcmhhbHR1bmcvdHYvODY0ODQzNjQzLWdyaWxsLWRlbi1oZW5zc2xlci1wcm9ibGVtLWJyaW5ndC1sYXVyYS13b250b3JyYS12b2VsbGlnLWF1cy1kZW0ta29uemVwdNIBJGh0dHBzOi8vd3d3LndhdHNvbi5kZS9hbXAvITg2NDg0MzY0Mw?oc%3D5&gl=FR&hl=en-US&cm=2&pc=n&src=1,,2023-05-01T06:01:31Z,"We use cookies and data to<ul><li>Deliver and maintain Google services</li><li>Track outages and protect against spam, fraud, and abuse</li><li>Measure audience engagement and site statistics to unde… [+1131 chars]"
"{'id': 'google-news', 'name': 'Google News'}",,Air pollution now linked with increased risk of irregular heartbeat - The Tribune India,"<ol><li>Air pollution now linked with increased risk of irregular heartbeat  The Tribune India
</li><li>More research proves that air pollution causes heart problems  Earth.com
</li><li>Air pollution spikes linked to irregular heartbeats, study finds  The G…",https://consent.google.com/ml?continue=https://news.google.com/rss/articles/CBMic2h0dHBzOi8vd3d3LnRyaWJ1bmVpbmRpYS5jb20vbmV3cy9oZWFsdGgvYWlyLXBvbGx1dGlvbi1ub3ctbGlua2VkLXdpdGgtaW5jcmVhc2VkLXJpc2stb2YtaXJyZWd1bGFyLWhlYXJ0YmVhdC01MDM3NDbSAXNodHRwczovL3d3dy50cmlidW5laW5kaWEuY29tL25ld3MvaGVhbHRoL2Fpci1wb2xsdXRpb24tbm93LWxpbmtlZC13aXRoLWluY3JlYXNlZC1yaXNrLW9mLWlycmVndWxhci1oZWFydGJlYXQtNTAzNzQ2?oc%3D5&gl=FR&hl=en-US&cm=2&pc=n&src=1,,2023-05-01T06:01:00Z,"We use cookies and data to<ul><li>Deliver and maintain Google services</li><li>Track outages and protect against spam, fraud, and abuse</li><li>Measure audience engagement and site statistics to unde… [+1131 chars]"
"{'id': 'google-news', 'name': 'Google News'}",,Is Process Intelligence the Silver Bullet we need for Business ... - TechNative,Is Process Intelligence the Silver Bullet we need for Business ...  TechNative,https://consent.google.com/ml?continue=https://news.google.com/rss/articles/CBMiYmh0dHBzOi8vdGVjaG5hdGl2ZS5pby9pcy1wcm9jZXNzLWludGVsbGlnZW5jZS10aGUtc2lsdmVyLWJ1bGxldC13ZS1uZWVkLWZvci1idXNpbmVzcy1vcHRpbWlzYXRpb24v0gEA?oc%3D5&gl=FR&hl=en-US&cm=2&pc=n&src=1,,2023-05-01T06:00:57Z,"We use cookies and data to<ul><li>Deliver and maintain Google services</li><li>Track outages and protect against spam, fraud, and abuse</li><li>Measure audience engagement and site statistics to unde… [+1131 chars]"
"{'id': 'fox-news', 'name': 'Fox News'}",Joseph Vukov,Why artificial intelligence can't bring the dead back to life,"This year is shaping up to be the year of artificial intelligence, including reincarnation through silicon.",https://www.foxnews.com/opinion/artificial-intelligence-cant-bring-dead-back-life,https://cf-images.us-east-1.prod.boltdns.net/v1/static/694940094001/54cf6e5e-46ce-4bd4-aed5-3dabe9838e97/e3852eca-5cd2-4283-bae9-15fbb23d888a/1280x720/match/image.jpg,2023-05-01T06:00:55Z,"This year is shaping up to be the year of artificial intelligence. ChatGPT has stolen most of the headlines, but it is only the most infamous in a wide assortment AI platforms. One of the most recent… [+4398 chars]"
"{'id': 'fox-news', 'name': 'Fox News'}",Stephanie Nolasco,"Meghan Markle, Prince Harry 'disloyal' for 'trashing royal family,' need to 'find their own identity': ex pal","Lizzie Cundy, a British model and TV presenter, slammed Meghan Markle for choosing not to attend King Charles' coronation with Prince Harry. The duchess will stay behind in California.",https://www.foxnews.com/entertainment/meghan-markle-prince-harry-disloyal-trashing-royal-family-need-find-identity-ex-pal,https://static.foxnews.com/foxnews.com/content/uploads/2023/04/21febf1c-Getty_MeghanMarkle_PrinceHarry.jpg,2023-05-01T06:00:40Z,"Lizzie Cundy doesnt recognize the American starlet she once knew.
The British model and TV presenter told Fox News Digital she first met Meghan Markle in 2013 when the future Duchess of Sussex was s… [+7843 chars]"
"{'id': 'google-news', 'name': 'Google News'}",,"A Round Up Of How Aishwarya Rai Bachchan, Vikram, Aditi Rao Hydari And Others Lit Up Ponniyin Selvan 2 Screening - NDTV Movies","<ol><li>A Round Up Of How Aishwarya Rai Bachchan, Vikram, Aditi Rao Hydari And Others Lit Up Ponniyin Selvan 2 Screening  NDTV Movies
</li><li>Abhishek Bachchan Does It Again; Gives It Back To A Troll & Proves Why He's The Best Husband Ever  SHOWSHA
</li><l…",https://consent.google.com/ml?continue=https://news.google.com/rss/articles/CBMimQFodHRwczovL3d3dy5uZHR2LmNvbS9lbnRlcnRhaW5tZW50L2Etcm91bmQtdXAtb2YtaG93LWFpc2h3YXJ5YS1yYWktYmFjaGNoYW4tdmlrcmFtLWFkaXRpLXJhby1oeWRhcmktYW5kLW90aGVycy1saXQtdXAtcG9ubml5aW4tc2VsdmFuLTItc2NyZWVuaW5nLTM5OTQxOTXSAZ8BaHR0cHM6Ly93d3cubmR0di5jb20vZW50ZXJ0YWlubWVudC9hLXJvdW5kLXVwLW9mLWhvdy1haXNod2FyeWEtcmFpLWJhY2hjaGFuLXZpa3JhbS1hZGl0aS1yYW8taHlkYXJpLWFuZC1vdGhlcnMtbGl0LXVwLXBvbm5peWluLXNlbHZhbi0yLXNjcmVlbmluZy0zOTk0MTk1L2FtcC8x?oc%3D5&gl=FR&hl=en-US&cm=2&pc=n&src=1,,2023-05-01T06:00:38Z,"We use cookies and data to<ul><li>Deliver and maintain Google services</li><li>Track outages and protect against spam, fraud, and abuse</li><li>Measure audience engagement and site statistics to unde… [+1131 chars]"
"{'id': 'fox-news', 'name': 'Fox News'}",Peter Kasperowicz,"China using tech to ‘oppress its own people,’ warns lawmaker looking to restrict AI exports","A lawmaker looking to limit exports of AI and other technology to China warns that Beijing is using that tech to oppress its own people, and could use it against the U.S.",https://www.foxnews.com/politics/china-using-tech-oppress-own-people-warns-lawmaker-restrict-ai-exports,https://static.foxnews.com/foxnews.com/content/uploads/2023/04/green.jpg,2023-05-01T06:00:33Z,"China is using high-end technology to oppress its own citizens and even erase its own history, which is why the U.S. needs to put tough restrictions on the export of artificial intelligence and other… [+4022 chars]"
"{'id': 'fox-news', 'name': 'Fox News'}",Kerry Byrne,10 ways big government uses AI to create the totalitarian society of Orwell's classic '1984',"George Orwell's classic novel of dystopia, ""1984,"" showed monolithic government using artificial intelligence and surveillance to create a totalitarian society. Here are 10 ways this is relevant today.",https://www.foxnews.com/lifestyle/10-ways-big-government-uses-ai-create-totalitarian-society-orwell-1984,https://static.foxnews.com/foxnews.com/content/uploads/2023/04/GettyImages-482637682.jpg,2023-05-01T06:00:30Z,"George Orwell envisioned the dangers of monolithic government armed with artificial intelligence in his famous novel of a future dystopia, ""1984,"" published in 1949.
The Party, led by Big Brother, u… [+7777 chars]"
"{'id': 'fox-news', 'name': 'Fox News'}",Melissa Rudy,Students use AI technology to find new brain tumor therapy targets — with a goal of fighting disease faster,"Two high-school students partnered with Insilico Medicine, a Hong Kong-based medical tech company, to identify new target genes linked to glioblastoma and aging. Fox News Digital spoke to them.",https://www.foxnews.com/health/students-use-ai-technology-find-brain-tumor-therapy-targets-goal-fighting-disease-faster,https://static.foxnews.com/foxnews.com/content/uploads/2023/04/Andrea-and-Zach-1.jpeg,2023-05-01T06:00:24Z,"Glioblastoma is one of the deadliest types of brain cancer
, with the average patient living only eight months after diagnosis, according to the National Brain Tumor Society, a nonprofit. 
Two ambi… [+7520 chars]"
"{'id': 'fox-news', 'name': 'Fox News'}",Emma Colton,Flashback: Stephen Hawking warned AI could mean the 'end of the human race' in years leading up to his death,"British theoretical physicist Stephen Hawking warned of the dangers associated with artificial intelligence before his death in 2018, arguing it could end the human race.",https://www.foxnews.com/tech/flashback-stephen-hawking-warned-ai-end-human-race-years-leading-death,https://static.foxnews.com/foxnews.com/content/uploads/2023/04/stephenhawking.png,2023-05-01T06:00:02Z,"Long before Elon Musk and Apple co-founder Steve Wozniak signed a letter warning that artificial intelligence poses ""profound risks"" to humanity, British theoretical physicist Stephen Hawking had bee… [+4897 chars]"
"{'id': 'google-news', 'name': 'Google News'}",,"China using tech to ‘oppress its own people,’ warns lawmaker looking to restrict AI exports - Fox News","China using tech to ‘oppress its own people,’ warns lawmaker looking to restrict AI exports  Fox News",https://consent.google.com/ml?continue=https://news.google.com/rss/articles/CBMiZ2h0dHBzOi8vd3d3LmZveG5ld3MuY29tL3BvbGl0aWNzL2NoaW5hLXVzaW5nLXRlY2gtb3BwcmVzcy1vd24tcGVvcGxlLXdhcm5zLWxhd21ha2VyLXJlc3RyaWN0LWFpLWV4cG9ydHPSAWtodHRwczovL3d3dy5mb3huZXdzLmNvbS9wb2xpdGljcy9jaGluYS11c2luZy10ZWNoLW9wcHJlc3Mtb3duLXBlb3BsZS13YXJucy1sYXdtYWtlci1yZXN0cmljdC1haS1leHBvcnRzLmFtcA?oc%3D5&gl=FR&hl=en-US&cm=2&pc=n&src=1,,2023-05-01T06:00:00Z,"We use cookies and data to<ul><li>Deliver and maintain Google services</li><li>Track outages and protect against spam, fraud, and abuse</li><li>Measure audience engagement and site statistics to unde… [+1131 chars]"
"{'id': 'google-news', 'name': 'Google News'}",,"Daily horoscope for May 1, 2023 - Chicago Tribune","<ol><li>Daily horoscope for May 1, 2023  Chicago Tribune
</li><li>Horoscope for Sunday, April 30, 2023  Chicago Sun-Times
</li><li>Weekly Horoscope: April 30 to May 6, 2023  Refinery29
</li><li>Daily horoscope for April 30, 2023  Chicago Tribune
</li><li>…",https://consent.google.com/ml?continue=https://news.google.com/rss/articles/CBMidmh0dHBzOi8vd3d3LmNoaWNhZ290cmlidW5lLmNvbS9ob3Jvc2NvcGVzL3Nucy1kYWlseS1ob3Jvc2NvcGVzLTA1MDEyMDIzLTIwMjMwNTAxLWdxaWZzYXNybXJlZmpnNjZuMmFhaWVjNWllLXN0b3J5Lmh0bWzSAQA?oc%3D5&gl=FR&hl=en-US&cm=2&pc=n&src=1,,2023-05-01T06:00:00Z,"We use cookies and data to<ul><li>Deliver and maintain Google services</li><li>Track outages and protect against spam, fraud, and abuse</li><li>Measure audience engagement and site statistics to unde… [+1131 chars]"
"{'id': 'google-news', 'name': 'Google News'}",,Flashback: Stephen Hawking warned AI could mean the 'end of the human race' in years leading up to his death - Yahoo News,Flashback: Stephen Hawking warned AI could mean the 'end of the human race' in years leading up to his death  Yahoo NewsView Full Coverage on Google News,https://consent.google.com/ml?continue=https://news.google.com/rss/articles/CBMiSWh0dHBzOi8vbmV3cy55YWhvby5jb20vZmxhc2hiYWNrLXN0ZXBoZW4taGF3a2luZy13YXJuZWQtYWktMDYwMDAyNzc4Lmh0bWzSAVFodHRwczovL25ld3MueWFob28uY29tL2FtcGh0bWwvZmxhc2hiYWNrLXN0ZXBoZW4taGF3a2luZy13YXJuZWQtYWktMDYwMDAyNzc4Lmh0bWw?oc%3D5&gl=FR&hl=en-US&cm=2&pc=n&src=1,,2023-05-01T06:00:00Z,"We use cookies and data to<ul><li>Deliver and maintain Google services</li><li>Track outages and protect against spam, fraud, and abuse</li><li>Measure audience engagement and site statistics to unde… [+1131 chars]"
"{'id': 'google-news', 'name': 'Google News'}",,Flashback: Stephen Hawking warned AI could mean the 'end of the human race' in years leading up to his death - Fox News,Flashback: Stephen Hawking warned AI could mean the 'end of the human race' in years leading up to his death  Fox News,https://consent.google.com/ml?continue=https://news.google.com/rss/articles/CBMiY2h0dHBzOi8vd3d3LmZveG5ld3MuY29tL3RlY2gvZmxhc2hiYWNrLXN0ZXBoZW4taGF3a2luZy13YXJuZWQtYWktZW5kLWh1bWFuLXJhY2UteWVhcnMtbGVhZGluZy1kZWF0aNIBZ2h0dHBzOi8vd3d3LmZveG5ld3MuY29tL3RlY2gvZmxhc2hiYWNrLXN0ZXBoZW4taGF3a2luZy13YXJuZWQtYWktZW5kLWh1bWFuLXJhY2UteWVhcnMtbGVhZGluZy1kZWF0aC5hbXA?oc%3D5&gl=FR&hl=en-US&cm=2&pc=n&src=1,,2023-05-01T06:00:00Z,"We use cookies and data to<ul><li>Deliver and maintain Google services</li><li>Track outages and protect against spam, fraud, and abuse</li><li>Measure audience engagement and site statistics to unde… [+1131 chars]"
"{'id': 'google-news', 'name': 'Google News'}",,"Virat Kohli shares adorable birthday wish for wife Anushka Sharma, says 'love you through thick and thin' - India Today","<ol><li>Virat Kohli shares adorable birthday wish for wife Anushka Sharma, says 'love you through thick and thin'  India Today
</li><li>'Birthday Girl' Anushka Sharma To Athiya Shetty: IPL 2023's Most Popular WAGS On Social Media, In PICS  Zee News
</li><li…",https://consent.google.com/ml?continue=https://news.google.com/rss/articles/CBMirgFodHRwczovL3d3dy5pbmRpYXRvZGF5LmluL21vdmllcy9jZWxlYnJpdGllcy9zdG9yeS92aXJhdC1rb2hsaS1zaGFyZXMtYWRvcmFibGUtYmlydGhkYXktd2lzaGVzLWZvci13aWZlLWFudXNoa2Etc2hhcm1hLXNheXMtbG92ZS15b3UtdGhyb3VnaC10aGljay1hbmQtdGhpbi0yMzY2ODcyLTIwMjMtMDUtMDHSAbIBaHR0cHM6Ly93d3cuaW5kaWF0b2RheS5pbi9hbXAvbW92aWVzL2NlbGVicml0aWVzL3N0b3J5L3ZpcmF0LWtvaGxpLXNoYXJlcy1hZG9yYWJsZS1iaXJ0aGRheS13aXNoZXMtZm9yLXdpZmUtYW51c2hrYS1zaGFybWEtc2F5cy1sb3ZlLXlvdS10aHJvdWdoLXRoaWNrLWFuZC10aGluLTIzNjY4NzItMjAyMy0wNS0wMQ?oc%3D5&gl=FR&hl=en-US&cm=2&pc=n&src=1,,2023-05-01T06:00:00Z,"We use cookies and data to<ul><li>Deliver and maintain Google services</li><li>Track outages and protect against spam, fraud, and abuse</li><li>Measure audience engagement and site statistics to unde… [+1131 chars]"
"{'id': 'google-news', 'name': 'Google News'}",,PLG／提前淘汰！攻城獅總經理請辭：管理層決策失敗 - Yahoo奇摩新聞,"<ol><li>PLG／提前淘汰！攻城獅總經理請辭：管理層決策失敗  Yahoo奇摩新聞
</li><li>PLG》攻城獅無緣季後賽 GM胡瓏智為戰績負責下台  自由時報
</li><li>攻城獅Thank you總經理胡瓏智 上季PLG亞軍本季無緣季後賽  ETtoday運動雲
</li><li>PLG／攻城獅無緣季後賽！總經理胡瓏智下台負責  Yahoo奇摩運動
</li><li>PLG》張宗憲達標千分為本土最年輕！勇士賞攻城獅5連敗  自由時報
</li><li>前往 Google 新聞查看完整報…",https://consent.google.com/ml?continue=https://news.google.com/rss/articles/CBMi2gFodHRwczovL3R3Lm5ld3MueWFob28uY29tL3BsZy0lRTYlOEYlOTAlRTUlODklOEQlRTYlQjclOTglRTYlQjElQjAtJUU2JTk0JUJCJUU1JTlGJThFJUU3JThEJTg1JUU3JUI4JUJEJUU3JUI2JTkzJUU3JTkwJTg2JUU4JUFCJThCJUU4JUJFJUFELSVFNyVBRSVBMSVFNyU5MCU4NiVFNSVCMSVBNCVFNiVCMSVCQSVFNyVBRCU5NiVFNSVBNCVCMSVFNiU5NSU5Ny0wNTUyNTQ3NzQuaHRtbNIB4gFodHRwczovL3R3Lm5ld3MueWFob28uY29tL2FtcGh0bWwvcGxnLSVFNiU4RiU5MCVFNSU4OSU4RCVFNiVCNyU5OCVFNiVCMSVCMC0lRTYlOTQlQkIlRTUlOUYlOEUlRTclOEQlODUlRTclQjglQkQlRTclQjYlOTMlRTclOTAlODYlRTglQUIlOEIlRTglQkUlQUQtJUU3JUFFJUExJUU3JTkwJTg2JUU1JUIxJUE0JUU2JUIxJUJBJUU3JUFEJTk2JUU1JUE0JUIxJUU2JTk1JTk3LTA1NTI1NDc3NC5odG1s?oc%3D5&gl=FR&hl=en-US&cm=2&pc=n&src=1,,2023-05-01T05:59:52Z,"We use cookies and data to<ul><li>Deliver and maintain Google services</li><li>Track outages and protect against spam, fraud, and abuse</li><li>Measure audience engagement and site statistics to unde… [+1131 chars]"
"{'id': 'google-news', 'name': 'Google News'}",,Australian Bureau of Statistics show Australia is not a low-taxation ... - The Australian Financial Review,Australian Bureau of Statistics show Australia is not a low-taxation ...  The Australian Financial Review,https://consent.google.com/ml?continue=https://news.google.com/rss/articles/CBMib2h0dHBzOi8vd3d3LmFmci5jb20vcG9saWN5L3RheC1hbmQtc3VwZXIvd2h5LWl0LXMtYS1teXRoLXRoYXQtYXVzdHJhbGlhLWlzLWEtbG93LXRheGluZy1jb3VudHJ5LTIwMjMwNDMwLXA1ZDRjNtIBAA?oc%3D5%26hl%3Den-CA%26gl%3DCA%26ceid%3DCA:en&gl=FR&hl=en-CA&cm=2&pc=n&src=1,,2023-05-01T05:59:00Z,"We use cookies and data to<ul><li>Deliver and maintain Google services</li><li>Track outages and protect against spam, fraud, and abuse</li><li>Measure audience engagement and site statistics to unde… [+1131 chars]"
"{'id': 'google-news', 'name': 'Google News'}",,PS2 box office: Mani Ratnam film grosses over ₹150 crore worldwide in 3 days - Hindustan Times,"<ol><li>PS2 box office: Mani Ratnam film grosses over ₹150 crore worldwide in 3 days  Hindustan Times
</li><li>Ponniyin Selvan 2: Mani Ratnam's Magnum Opus ""Conquers"" Hearts And Box Office  NDTV
</li><li>Why Mani Ratnam’s Ponniyin Selvan will be praised as …",https://consent.google.com/ml?continue=https://news.google.com/rss/articles/CBMiwwFodHRwczovL3d3dy5oaW5kdXN0YW50aW1lcy5jb20vZW50ZXJ0YWlubWVudC90YW1pbC1jaW5lbWEvcG9ubml5aW4tc2VsdmFuLTItYm94LW9mZmljZS1jb2xsZWN0aW9uLWRheS0zLW1hbmktcmF0bmFtLWZpbG0tZ3Jvc3Nlcy1vdmVyLTE1MC1jci13b3JsZHdpZGUtbWFrZXMtMy02LW1pbGxpb24taW4tdXMtMTAxNjgyOTE5MzM4NTExLmh0bWzSAccBaHR0cHM6Ly93d3cuaGluZHVzdGFudGltZXMuY29tL2VudGVydGFpbm1lbnQvdGFtaWwtY2luZW1hL3Bvbm5peWluLXNlbHZhbi0yLWJveC1vZmZpY2UtY29sbGVjdGlvbi1kYXktMy1tYW5pLXJhdG5hbS1maWxtLWdyb3NzZXMtb3Zlci0xNTAtY3Itd29ybGR3aWRlLW1ha2VzLTMtNi1taWxsaW9uLWluLXVzLTEwMTY4MjkxOTMzODUxMS1hbXAuaHRtbA?oc%3D5&gl=FR&hl=en-US&cm=2&pc=n&src=1,,2023-05-01T05:58:07Z,"We use cookies and data to<ul><li>Deliver and maintain Google services</li><li>Track outages and protect against spam, fraud, and abuse</li><li>Measure audience engagement and site statistics to unde… [+1131 chars]"
"{'id': 'google-news', 'name': 'Google News'}",,Healthcare Cloud Computing Market Will Reach USD ~201 Bn By ... - Enterprise Apps Today,Healthcare Cloud Computing Market Will Reach USD ~201 Bn By ...  Enterprise Apps Today,https://consent.google.com/ml?continue=https://news.google.com/rss/articles/CBMimwFodHRwczovL3d3dy5lbnRlcnByaXNlYXBwc3RvZGF5LmNvbS9uZXdzL2hlYWx0aGNhcmUtY2xvdWQtY29tcHV0aW5nLW1hcmtldC1zaXplLXByb2plY3RlZC10by1yZWFjaC11c2QtMjAxLTEtYmlsbGlvbi1ieS0yMDMyLWdyb3dpbmctYXQtYS1jYWdyLW9mLTE3LTYuaHRtbNIBAA?oc%3D5&gl=FR&hl=en-US&cm=2&pc=n&src=1,,2023-05-01T05:57:54Z,"We use cookies and data to<ul><li>Deliver and maintain Google services</li><li>Track outages and protect against spam, fraud, and abuse</li><li>Measure audience engagement and site statistics to unde… [+1131 chars]"
"{'id': 'google-news', 'name': 'Google News'}",,"Sudan conflict shows no sign of easing, Sudanese brace for more ... - Reuters","Sudan conflict shows no sign of easing, Sudanese brace for more ...  Reuters",https://consent.google.com/ml?continue=https://news.google.com/rss/articles/CBMicWh0dHBzOi8vd3d3LnJldXRlcnMuY29tL3dvcmxkL2FmcmljYS9zdWRhbi1jb25mbGljdC1zaG93cy1uby1zaWduLWVhc2luZy1zdWRhbmVzZS1icmFjZS1tb3JlLXZpb2xlbmNlLTIwMjMtMDUtMDEv0gEA?oc%3D5&gl=FR&hl=en-US&cm=2&pc=n&src=1,,2023-05-01T05:57:00Z,"We use cookies and data to<ul><li>Deliver and maintain Google services</li><li>Track outages and protect against spam, fraud, and abuse</li><li>Measure audience engagement and site statistics to unde… [+1131 chars]"
"{'id': 'the-washington-times', 'name': 'The Washington Times'}",Angela Charlton and Hyung-Jin Kim,"May Day: World's workers rally, France sees pension anger","People squeezed by inflation and demanding economic justice took to the streets of cities across Asia and Europe to mark May Day on Monday, in a global outpouring of worker discontent not seen since before the COVID-19 pandemic sent the world into lockdowns.",https://www.washingtontimes.com/news/2023/may/1/may-day-worlds-workers-rally-france-sees-pension-a/,https://twt-thumbs.washtimes.com/media/image/2023/05/01/Indonesia_May_Day_97627_c0-337-8087-5054_s1200x700.jpg?a384cb20feaae3df5043f7fc678e88461f3072ad,2023-05-01T05:56:34Z,"PARIS People squeezed by inflation and demanding economic justice took to the streets of cities across Asia and Europe to mark May Day on Monday, in a global outpouring of worker discontent not seen … [+6896 chars]"
"{'id': 'google-news', 'name': 'Google News'}",,"Concerto primo maggio 2023: cantanti, scaletta, diretta tv ed orari - RomaToday","<ol><li>Concerto primo maggio 2023: cantanti, scaletta, diretta tv ed orari  RomaToday
</li><li>Concertone Primo Maggio 2023: orari, scaletta, presentatori, dove vederlo. Tutto quello che c'è da sapere  ilmessaggero.it
</li><li>I cantanti del concerto del P…",https://consent.google.com/ml?continue=https://news.google.com/rss/articles/CBMiVGh0dHBzOi8vd3d3LnJvbWF0b2RheS5pdC9hdHR1YWxpdGEvY29uY2VydG8tcHJpbW8tbWFnZ2lvLTIwMjMtY2FudGFudGktc2NhbGV0dGEuaHRtbNIBVGh0dHBzOi8vYW1wLnJvbWF0b2RheS5pdC9hdHR1YWxpdGEvY29uY2VydG8tcHJpbW8tbWFnZ2lvLTIwMjMtY2FudGFudGktc2NhbGV0dGEuaHRtbA?oc%3D5&gl=FR&hl=en-US&cm=2&pc=n&src=1,,2023-05-01T05:55:00Z,"We use cookies and data to<ul><li>Deliver and maintain Google services</li><li>Track outages and protect against spam, fraud, and abuse</li><li>Measure audience engagement and site statistics to unde… [+1131 chars]"
"{'id': 'google-news', 'name': 'Google News'}",,Блиновскую могут отправить в СИЗО из-за продолжения активных продаж марафонов 01.05.2023 - KazanFirst,"<ol><li>Блиновскую могут отправить в СИЗО из-за продолжения активных продаж марафонов 01.05.2023  KazanFirst
</li><li>У мужа Блиновской нашли 40 участков, полтора десятка домов и солидный автопарк  Life.ru
</li><li>ТАСС: Блогера Блиновскую могут отправить в…",https://consent.google.com/ml?continue=https://news.google.com/rss/articles/CBMiIWh0dHBzOi8va2F6YW5maXJzdC5ydS9uZXdzLzYxMjkwMtIBAA?oc%3D5&gl=FR&hl=en-US&cm=2&pc=n&src=1,,2023-05-01T05:54:01Z,"We use cookies and data to<ul><li>Deliver and maintain Google services</li><li>Track outages and protect against spam, fraud, and abuse</li><li>Measure audience engagement and site statistics to unde… [+1131 chars]"
"{'id': 'google-news', 'name': 'Google News'}",,"Airplane-Sized Asteroid Nearing Earth Today, Says NASA - NDTV","Airplane-Sized Asteroid Nearing Earth Today, Says NASA  NDTVView Full coverage on Google News",https://consent.google.com/ml?continue=https://news.google.com/rss/articles/CBMiWmh0dHBzOi8vd3d3Lm5kdHYuY29tL2ZlYXR1cmUvYWlycGxhbmUtc2l6ZWQtYXN0ZXJvaWQtbmVhcmluZy1lYXJ0aC10b2RheS1zYXlzLW5hc2EtMzk5NDE4MtIBYGh0dHBzOi8vd3d3Lm5kdHYuY29tL2ZlYXR1cmUvYWlycGxhbmUtc2l6ZWQtYXN0ZXJvaWQtbmVhcmluZy1lYXJ0aC10b2RheS1zYXlzLW5hc2EtMzk5NDE4Mi9hbXAvMQ?oc%3D5&gl=FR&hl=en-US&cm=2&pc=n&src=1,,2023-05-01T05:53:53Z,"We use cookies and data to<ul><li>Deliver and maintain Google services</li><li>Track outages and protect against spam, fraud, and abuse</li><li>Measure audience engagement and site statistics to unde… [+1131 chars]"
"{'id': 'google-news', 'name': 'Google News'}",,比酒駕更可怕 中油遭踢爆「員工邊喝酒邊上班」 - 中時新聞網 Chinatimes.com,"<ol><li>比酒駕更可怕 中油遭踢爆「員工邊喝酒邊上班」  中時新聞網 Chinatimes.com
</li><li>邊上班還能邊喝酒? 中油大林廠爆員工""偷帶酒""挨轟管理鬆散中油:查清後依規定懲處2022年中油大林廠工安意外調查""焊接人為疏失""【LIVE大現場】20230501三立新聞台  三立LIVE新聞
</li><li>高雄中油大林RDS3廠驚傳員工飲酒 議員要勞工局徹查  聯合新聞網
</li><li>遭爆料高雄大林廠員工辦公室喝酒 中油駁:仍調查中  Yahoo奇摩新聞
</li><li…",https://consent.google.com/ml?continue=https://news.google.com/rss/articles/CBMiPWh0dHBzOi8vd3d3LmNoaW5hdGltZXMuY29tL3JlYWx0aW1lbmV3cy8yMDIzMDUwMTAwMTk3OS0yNjA0MDXSAUFodHRwczovL3d3dy5jaGluYXRpbWVzLmNvbS9hbXAvcmVhbHRpbWVuZXdzLzIwMjMwNTAxMDAxOTc5LTI2MDQwNQ?oc%3D5&gl=FR&hl=en-US&cm=2&pc=n&src=1,,2023-05-01T05:53:04Z,"We use cookies and data to<ul><li>Deliver and maintain Google services</li><li>Track outages and protect against spam, fraud, and abuse</li><li>Measure audience engagement and site statistics to unde… [+1131 chars]"
"{'id': 'google-news', 'name': 'Google News'}",,自稱「令和麻原彰晃」 日25歲女落選後揚言散播沙林毒氣 - 自由時報,"<ol><li>自稱「令和麻原彰晃」 日25歲女落選後揚言散播沙林毒氣  自由時報
</li><li>選輸不爽？ 日25歲議員參選人放話：要在車站放沙林毒氣  Yahoo奇摩新聞
</li><li>選輸不爽？ 日25歲議員參選人放話：要在車站放沙林毒氣TVBS新聞網  TVBS
</li><li>前往 Google 新聞查看完整報導</li></ol>",https://consent.google.com/ml?continue=https://news.google.com/rss/articles/CBMiN2h0dHBzOi8vbmV3cy5sdG4uY29tLnR3L25ld3Mvd29ybGQvYnJlYWtpbmduZXdzLzQyODcxODbSATtodHRwczovL25ld3MubHRuLmNvbS50dy9hbXAvbmV3cy93b3JsZC9icmVha2luZ25ld3MvNDI4NzE4Ng?oc%3D5&gl=FR&hl=en-US&cm=2&pc=n&src=1,,2023-05-01T05:51:38Z,"We use cookies and data to<ul><li>Deliver and maintain Google services</li><li>Track outages and protect against spam, fraud, and abuse</li><li>Measure audience engagement and site statistics to unde… [+1131 chars]"
"{'id': 'google-news', 'name': 'Google News'}",,Anushka Sharma reacts as Virat Kohli shares her unseen pics; see birthday post - Hindustan Times,"<ol><li>Anushka Sharma reacts as Virat Kohli shares her unseen pics; see birthday post  Hindustan Times
</li><li>'Birthday Girl' Anushka Sharma To Athiya Shetty: IPL 2023's Most Popular WAGS On Social Media, In PICS  Zee News
</li><li>Birthday Special: Mome…",https://consent.google.com/ml?continue=https://news.google.com/rss/articles/CBMiuQFodHRwczovL3d3dy5oaW5kdXN0YW50aW1lcy5jb20vZW50ZXJ0YWlubWVudC9ib2xseXdvb2QvYW51c2hrYS1zaGFybWEtcmVhY3RzLWFzLXZpcmF0LWtvaGxpLXNoYXJlcy11bnNlZW4tcGljcy1vbi1iaXJ0aGRheS10ZWxscy1oZXItbG92ZS15b3UtdGhyb3VnaC10aGljay1hbmQtdGhpbi0xMDE2ODI5MTkxMDk1MTMuaHRtbNIBvQFodHRwczovL3d3dy5oaW5kdXN0YW50aW1lcy5jb20vZW50ZXJ0YWlubWVudC9ib2xseXdvb2QvYW51c2hrYS1zaGFybWEtcmVhY3RzLWFzLXZpcmF0LWtvaGxpLXNoYXJlcy11bnNlZW4tcGljcy1vbi1iaXJ0aGRheS10ZWxscy1oZXItbG92ZS15b3UtdGhyb3VnaC10aGljay1hbmQtdGhpbi0xMDE2ODI5MTkxMDk1MTMtYW1wLmh0bWw?oc%3D5&gl=FR&hl=en-US&cm=2&pc=n&src=1,,2023-05-01T05:51:35Z,"We use cookies and data to<ul><li>Deliver and maintain Google services</li><li>Track outages and protect against spam, fraud, and abuse</li><li>Measure audience engagement and site statistics to unde… [+1131 chars]"
"{'id': 'google-news', 'name': 'Google News'}",,童年回憶沒了！夜市撈金魚將遭禁 擴大修法擬重罰25萬│TVBS新聞網 - TVBS,"<ol><li>童年回憶沒了！夜市撈金魚將遭禁 擴大修法擬重罰25萬│TVBS新聞網  TVBS
</li><li>動保法擬修法 夜市撈金魚、套烏龜將成絕響  Yahoo奇摩新聞
</li><li>童年回憶沒了！農委會預告修法：夜市不能撈金魚「最高罰25萬元」  ETtoday新聞雲
</li><li>動保法修法草案預告 農委會：近年最大規模修正  聯合新聞網
</li><li>動保法修法拚全民連署 結合AI系統20秒可完成！｜#鏡新聞  Yahoo奇摩新聞
</li><li>前往 Google 新聞查…",https://consent.google.com/ml?continue=https://news.google.com/rss/articles/CBMiJWh0dHBzOi8vbmV3cy50dmJzLmNvbS50dy9saWZlLzIxMTEwOTXSASlodHRwczovL25ld3MudHZicy5jb20udHcvYW1wL2xpZmUvMjExMTA5NQ?oc%3D5&gl=FR&hl=en-US&cm=2&pc=n&src=1,,2023-05-01T05:51:00Z,"We use cookies and data to<ul><li>Deliver and maintain Google services</li><li>Track outages and protect against spam, fraud, and abuse</li><li>Measure audience engagement and site statistics to unde… [+1131 chars]"
"{'id': 'bbc-news', 'name': 'BBC News'}",,A toxic civil war threatening to rip Everton apart,BBC Sport looks at the toxic civil war that has erupted between Everton and disgruntled supporters and whether the doom and gloom can make way for green shoots of recovery.,https://www.bbc.co.uk/sport/football/65375532,https://ichef.bbci.co.uk/live-experience/cps/624/cpsprodpb/12A5/production/_129537740_everton-index2.jpg,2023-05-01T05:50:48Z,"Supporters displayed numerous banners to rally support before Everton's game against Newcastle on Thursday
Everton have endured a miserable 2023.
With five matches remaining of the season, the thre… [+8599 chars]"
"{'id': 'google-news', 'name': 'Google News'}",,"Sakshi Malik's Picture With Brij Bhushan Sharan Singh Emerges, Wrestler Reacts | - Times Now","<ol><li>Sakshi Malik's Picture With Brij Bhushan Sharan Singh Emerges, Wrestler Reacts |  Times Now
</li><li>Sakshi Malik reacts to old viral photo with Brij Bhushan at wedding  Hindustan Times
</li><li>Brij Bhushan Sharan Singh: How a Usually Clever BJP Mi…",https://consent.google.com/ml?continue=https://news.google.com/rss/articles/CBMiggFodHRwczovL3d3dy50aW1lc25vd25ld3MuY29tL3Nwb3J0cy9zYWtzaGktbWFsaWtzLXBpY3R1cmUtd2l0aC1icmlqLWJodXNoYW4tc2hhcmFuLXNpbmdoLWVtZXJnZXMtd3Jlc3RsZXItcmVhY3RzLS1hcnRpY2xlLTk5OTAxNjQ40gGGAWh0dHBzOi8vd3d3LnRpbWVzbm93bmV3cy5jb20vc3BvcnRzL3Nha3NoaS1tYWxpa3MtcGljdHVyZS13aXRoLWJyaWotYmh1c2hhbi1zaGFyYW4tc2luZ2gtZW1lcmdlcy13cmVzdGxlci1yZWFjdHMtLWFydGljbGUtOTk5MDE2NDgvYW1w?oc%3D5&gl=FR&hl=en-US&cm=2&pc=n&src=1,,2023-05-01T05:50:17Z,"We use cookies and data to<ul><li>Deliver and maintain Google services</li><li>Track outages and protect against spam, fraud, and abuse</li><li>Measure audience engagement and site statistics to unde… [+1131 chars]"
"{'id': 'google-news', 'name': 'Google News'}",,Investors expect Warren Buffett to beat the market in recession - The Australian Financial Review,Investors expect Warren Buffett to beat the market in recession  The Australian Financial Review,https://consent.google.com/ml?continue=https://news.google.com/rss/articles/CBMiemh0dHBzOi8vd3d3LmFmci5jb20vbWFya2V0cy9lcXVpdHktbWFya2V0cy9pbnZlc3RvcnMtZXhwZWN0LXdhcnJlbi1idWZmZXR0LXRvLWJlYXQtdGhlLW1hcmtldC1pbi1yZWNlc3Npb24tMjAyMzA1MDEtcDVkNG930gEA?oc%3D5&gl=FR&hl=en-US&cm=2&pc=n&src=1,,2023-05-01T05:50:00Z,"We use cookies and data to<ul><li>Deliver and maintain Google services</li><li>Track outages and protect against spam, fraud, and abuse</li><li>Measure audience engagement and site statistics to unde… [+1131 chars]"
"{'id': 'abc-news', 'name': 'ABC News'}",MAYSOON KHAN and MICHAEL HILL Associated Press,Operator in limo crash that killed 20 goes on trial in NY,The operator of a limousine service involved in a crash that killed 20 people in central New York is going on trial,https://abcnews.go.com/Business/wireStory/operator-limo-crash-killed-20-trial-ny-98978289,https://s.abcnews.com/images/US/wirestory_d139191e936e1a4678272618aecfb079_16x9_992.jpg,2023-05-01T05:48:05Z,"SCHOHARIE, N.Y. -- Nearly five years after a stretch limousine packed with birthday revelers careened down a hill and off a road in rural upstate New York, killing 20 people, the operator of the comp… [+5258 chars]"
"{'id': 'google-news', 'name': 'Google News'}",,Grocery app Getir in talks to take over German rival Flink - FT - Reuters,Grocery app Getir in talks to take over German rival Flink - FT  Reuters,https://consent.google.com/ml?continue=https://news.google.com/rss/articles/CBMiaWh0dHBzOi8vd3d3LnJldXRlcnMuY29tL21hcmtldHMvZGVhbHMvZ3JvY2VyeS1hcHAtZ2V0aXItdGFsa3MtdGFrZS1vdmVyLWdlcm1hbi1yaXZhbC1mbGluay1mdC0yMDIzLTA1LTAxL9IBAA?oc%3D5&gl=FR&hl=en-US&cm=2&pc=n&src=1,,2023-05-01T05:48:00Z,"We use cookies and data to<ul><li>Deliver and maintain Google services</li><li>Track outages and protect against spam, fraud, and abuse</li><li>Measure audience engagement and site statistics to unde… [+1131 chars]"
"{'id': 'abc-news', 'name': 'ABC News'}",NICK PERRY Associated Press,New Zealand leader says he favors nation becoming a republic,New Zealand Prime Minister Chris Hipkins says he personally favors his country becoming a republic but it's not a change he intends to push for as leader,https://abcnews.go.com/International/wireStory/new-zealand-leader-favors-nation-becoming-republic-98978287,https://s.abcnews.com/images/International/wirestory_9124a64e424f9426ef88f05316a60955_16x9_992.jpg,2023-05-01T05:47:23Z,"WELLINGTON, New Zealand -- New Zealand Prime Minister Chris Hipkins said Monday he personally favors his country becoming a republic, but it's not a change he intends to push for as leader.
Hipkins … [+2305 chars]"
"{'id': 'business-insider', 'name': 'Business Insider'}",Huileng Tan,Russia's stock investors are so shut off from the international financial system that money they've pumped into the Moscow Exchange has sent the key index to a 12-month high,The MOEX Index slumped 42% in 2022 amid sweeping sanctions over Russia's invasion of Ukraine.,https://www.businessinsider.com/moscow-exchange-moex-index-highest-level-economic-sanctions-domestic-investors-2023-5,https://i.insider.com/644f1d6eda6d7b0019bdc094?width=1200&format=jpeg,2023-05-01T05:47:22Z,"Domestic retail investors are propping up trade on the Moscow Exchange. Stock image pictured.Sefa Karacan/Anadolu Agency/Getty Images
<ul>
<li>Russia's benchmark MOEX index is trading at levels not … [+2198 chars]"
"{'id': 'business-insider', 'name': 'Business Insider'}",htan@insider.com (Huileng Tan),"Russia's domestic stock investors, shut off from the international financial system, have helped send the Moscow Exchange to a 12-month high",The MOEX Index slumped 42% in 2022 amid sweeping sanctions over Russia's invasion of Ukraine.,https://markets.businessinsider.com/news/stocks/moscow-exchange-moex-index-highest-level-economic-sanctions-domestic-investors-2023-5,https://i.insider.com/644f1d6eda6d7b0019bdc094?width=1200&format=jpeg,2023-05-01T05:47:17Z,"Moscow's stock market hit its highest level in over a year thanks to the country's domestic retail investors who have been left with little option about where to invest their money.
The benchmark MO… [+1730 chars]"
"{'id': 'google-news', 'name': 'Google News'}",,Russia's MOEX Index at highest levels in over 12 months - Business Insider,Russia's MOEX Index at highest levels in over 12 months  Business Insider,https://consent.google.com/ml?continue=https://news.google.com/rss/articles/CBMidWh0dHBzOi8vd3d3LmJ1c2luZXNzaW5zaWRlci5jb20vbW9zY293LWV4Y2hhbmdlLW1vZXgtaW5kZXgtaGlnaGVzdC1sZXZlbC1lY29ub21pYy1zYW5jdGlvbnMtZG9tZXN0aWMtaW52ZXN0b3JzLTIwMjMtNdIBeWh0dHBzOi8vd3d3LmJ1c2luZXNzaW5zaWRlci5jb20vbW9zY293LWV4Y2hhbmdlLW1vZXgtaW5kZXgtaGlnaGVzdC1sZXZlbC1lY29ub21pYy1zYW5jdGlvbnMtZG9tZXN0aWMtaW52ZXN0b3JzLTIwMjMtNT9hbXA?oc%3D5&gl=FR&hl=en-US&cm=2&pc=n&src=1,,2023-05-01T05:47:00Z,"We use cookies and data to<ul><li>Deliver and maintain Google services</li><li>Track outages and protect against spam, fraud, and abuse</li><li>Measure audience engagement and site statistics to unde… [+1131 chars]"
"{'id': 'google-news', 'name': 'Google News'}",,Экс-судья ФИФА Лапочкин подсветил грубую ошибку Левникова в пользу «Спартака» - Футбол 24,"<ol><li>Экс-судья ФИФА Лапочкин подсветил грубую ошибку Левникова в пользу «Спартака»  Футбол 24
</li><li>Комличенко объяснил, почему «Ростов» пропустил от «Спартака» в концовке: «Мы переиграли минуту»  Спорт-Экспресс
</li><li>Зиньковский рассказал, почему …",https://consent.google.com/ml?continue=https://news.google.com/rss/articles/CBMikgFodHRwczovL2Zvb3RiYWxsMjQucnUvYWxsbmV3cy9ydXNzaWEvcnBsLXByZW1pZXItbGVhZ3VlLzE3OTA1MS1qZWtzLXN1ZGphLWZpZmEtbGFwb2Noa2luLXBvZHN2ZXRpbC1ncnVidWp1LW9zaGlia3UtbGV2bmlrb3ZhLXYtcG9senUtc3BhcnRha2EuaHRtbNIBAA?oc%3D5&gl=FR&hl=en-US&cm=2&pc=n&src=1,,2023-05-01T05:46:42Z,"We use cookies and data to<ul><li>Deliver and maintain Google services</li><li>Track outages and protect against spam, fraud, and abuse</li><li>Measure audience engagement and site statistics to unde… [+1131 chars]"
"{'id': 'google-news', 'name': 'Google News'}",,Toxic gas kills 11 in Ludhiana - The Tribune India,"<ol><li>Toxic gas kills 11 in Ludhiana  The Tribune India
</li><li>Punjab: Gas Leak In Ludhiana Kills 11, 4 Critical  Republic World
</li><li>Ludhiana gas leak: ‘Unforgettable’, says officer who arrived first at spot  Hindustan Times
</li><li>Sitting on au…",https://consent.google.com/ml?continue=https://news.google.com/rss/articles/CBMiTmh0dHBzOi8vd3d3LnRyaWJ1bmVpbmRpYS5jb20vbmV3cy9wdW5qYWIvdG94aWMtZ2FzLWtpbGxzLTExLWluLWx1ZGhpYW5hLTUwMzUzMtIBTmh0dHBzOi8vd3d3LnRyaWJ1bmVpbmRpYS5jb20vbmV3cy9wdW5qYWIvdG94aWMtZ2FzLWtpbGxzLTExLWluLWx1ZGhpYW5hLTUwMzUzMg?oc%3D5&gl=FR&hl=en-US&cm=2&pc=n&src=1,,2023-05-01T05:46:00Z,"We use cookies and data to<ul><li>Deliver and maintain Google services</li><li>Track outages and protect against spam, fraud, and abuse</li><li>Measure audience engagement and site statistics to unde… [+1131 chars]"
"{'id': 'google-news', 'name': 'Google News'}",,Man Dies After Falling Into Vessel Of Boiling Rasam At Tamil Nadu Wedding - NDTV Tamil,"<ol><li>Man Dies After Falling Into Vessel Of Boiling Rasam At Tamil Nadu Wedding  NDTV Tamil
</li><li>Marriage Turns Into Tragedy! 21-Year-Old Dies After Falling Into Boiling Rasam  Times Now
</li><li>Man dies after falling into vessel of boiling rasam in …",https://consent.google.com/ml?continue=https://news.google.com/rss/articles/CBMidmh0dHBzOi8vd3d3Lm5kdHYuY29tL3RhbWlsLW5hZHUtbmV3cy9tYW4tZGllcy1hZnRlci1mYWxsaW5nLWludG8tdmVzc2VsLW9mLWJvaWxpbmctcmFzYW0tYXQtdGFtaWwtbmFkdS13ZWRkaW5nLTM5OTQxMjXSAXxodHRwczovL3d3dy5uZHR2LmNvbS90YW1pbC1uYWR1LW5ld3MvbWFuLWRpZXMtYWZ0ZXItZmFsbGluZy1pbnRvLXZlc3NlbC1vZi1ib2lsaW5nLXJhc2FtLWF0LXRhbWlsLW5hZHUtd2VkZGluZy0zOTk0MTI1L2FtcC8x?oc%3D5&gl=FR&hl=en-US&cm=2&pc=n&src=1,,2023-05-01T05:45:38Z,"We use cookies and data to<ul><li>Deliver and maintain Google services</li><li>Track outages and protect against spam, fraud, and abuse</li><li>Measure audience engagement and site statistics to unde… [+1131 chars]"
"{'id': 'google-news', 'name': 'Google News'}",,幫顏寬恒買瑪莎拉蒂？ 前助理公開存摺明細 批林靜儀混淆視聽 - 自由時報,"<ol><li>幫顏寬恒買瑪莎拉蒂？ 前助理公開存摺明細 批林靜儀混淆視聽  自由時報
</li><li>涉貪3罪火速遭起訴 顏寬恒秀證據怒嗆遭「政治追殺」：我不會再忍  Yahoo奇摩新聞
</li><li>顏寬恒前助理公開帳戶駁詐助理費 批林靜儀混淆視聽  聯合新聞網
</li><li>顏寬恒批檢方「羅織入罪」 林靜儀：完全顛倒的說法  自由時報
</li><li>痛批檢方「羅織入罪」 顏寬恒：不忍了正面迎戰  Yahoo奇摩新聞
</li><li>前往 Google 新聞查看完整報導</li></…",https://consent.google.com/ml?continue=https://news.google.com/rss/articles/CBMiOmh0dHBzOi8vbmV3cy5sdG4uY29tLnR3L25ld3MvcG9saXRpY3MvYnJlYWtpbmduZXdzLzQyODcyMDbSAT5odHRwczovL25ld3MubHRuLmNvbS50dy9hbXAvbmV3cy9wb2xpdGljcy9icmVha2luZ25ld3MvNDI4NzIwNg?oc%3D5&gl=FR&hl=en-US&cm=2&pc=n&src=1,,2023-05-01T05:45:22Z,"We use cookies and data to<ul><li>Deliver and maintain Google services</li><li>Track outages and protect against spam, fraud, and abuse</li><li>Measure audience engagement and site statistics to unde… [+1131 chars]"
"{'id': 'google-news', 'name': 'Google News'}",,「讓人啦，叭X小」 他再讚台灣最美風景是人 - 自由娛樂,"<ol><li>「讓人啦，叭X小」 他再讚台灣最美風景是人  自由娛樂
</li><li>計程車禮讓行人卻遭按喇叭 運將回嗆6字 網紅：特別悅耳  聯合新聞網
</li><li>小黃禮讓行人遭叭！司機秒嗆「這6字」視網膜狂讚  Yahoo奇摩新聞
</li><li>計程車停讓行人遭狂按喇叭！運將搖車窗怒嗆6字 網紅：特別悅耳  三立新聞網 Setn.com
</li><li>前往 Google 新聞查看完整報導</li></ol>",https://consent.google.com/ml?continue=https://news.google.com/rss/articles/CBMiMGh0dHBzOi8vZW50Lmx0bi5jb20udHcvbmV3cy9icmVha2luZ25ld3MvNDI4NzI0ONIBNGh0dHBzOi8vZW50Lmx0bi5jb20udHcvYW1wL25ld3MvYnJlYWtpbmduZXdzLzQyODcyNDg?oc%3D5&gl=FR&hl=en-US&cm=2&pc=n&src=1,,2023-05-01T05:43:20Z,"We use cookies and data to<ul><li>Deliver and maintain Google services</li><li>Track outages and protect against spam, fraud, and abuse</li><li>Measure audience engagement and site statistics to unde… [+1131 chars]"
"{'id': 'google-news', 'name': 'Google News'}",,Mehdi Hasan Reveals How Fox News Reacted To Joe Biden's Jokes About Them - Yahoo News,"<ol><li>Mehdi Hasan Reveals How Fox News Reacted To Joe Biden's Jokes About Them  Yahoo News
</li><li>Reporters cheer after President Biden notes he's running for re-election at White House Correspondents' Dinner  Fox News
</li><li>Roy Wood Jr. Breaks Down …",https://consent.google.com/ml?continue=https://news.google.com/rss/articles/CBMiQmh0dHBzOi8vbmV3cy55YWhvby5jb20vbWVoZGktaGFzYW4tcmV2ZWFscy1mb3gtbmV3cy0wNTQzNTEyNjMuaHRtbNIBSmh0dHBzOi8vbmV3cy55YWhvby5jb20vYW1waHRtbC9tZWhkaS1oYXNhbi1yZXZlYWxzLWZveC1uZXdzLTA1NDM1MTI2My5odG1s?oc%3D5&gl=FR&hl=en-US&cm=2&pc=n&src=1,,2023-05-01T05:43:00Z,"We use cookies and data to<ul><li>Deliver and maintain Google services</li><li>Track outages and protect against spam, fraud, and abuse</li><li>Measure audience engagement and site statistics to unde… [+1131 chars]"
"{'id': 'google-news', 'name': 'Google News'}",,影／ 郭台銘南部搏感情：不要喊郭董 叫我「阿銘」 批賴不敢談清廉 - 聯合新聞網,"<ol><li>影／ 郭台銘南部搏感情：不要喊郭董 叫我「阿銘」 批賴不敢談清廉  聯合新聞網
</li><li>黨內互比民調只輸侯友宜1.4%？郭台銘：99%老百姓支持帶領台灣經濟的人  Yahoo奇摩新聞
</li><li>(影)五一下高雄會民代！郭台銘：經濟繁榮，台灣才有尊嚴  Newtalk新聞
</li><li>影／高雄藍營民代和郭董有約 這些人卻缺席了  聯合新聞網
</li><li>叫我媽祖廟阿銘！郭台銘高雄搏感情 再嗆綠不敢提清廉  Yahoo奇摩新聞
</li><li>前往 Googl…",https://consent.google.com/ml?continue=https://news.google.com/rss/articles/CBMiJ2h0dHBzOi8vdWRuLmNvbS9uZXdzL3N0b3J5LzY2NTYvNzEzNDUxNtIBLWh0dHBzOi8vdWRuLmNvbS9uZXdzL2FtcC9zdG9yeS8xMjMzMDcvNzEzNDUxNg?oc%3D5&gl=FR&hl=en-US&cm=2&pc=n&src=1,,2023-05-01T05:42:05Z,"We use cookies and data to<ul><li>Deliver and maintain Google services</li><li>Track outages and protect against spam, fraud, and abuse</li><li>Measure audience engagement and site statistics to unde… [+1131 chars]"
"{'id': 'google-news', 'name': 'Google News'}",,Divorce can be granted on ‘grounds of irretrievable breakdown’: Supreme Court - The Hindu,"<ol><li>Divorce can be granted on ‘grounds of irretrievable breakdown’: Supreme Court  The Hindu
</li><li>Supreme Court's Huge Order On 6-Month Waiting Period For Divorce  NDTV
</li><li>BREAKING| 'Irretrievable Breakdown of Marriage' A Ground To Dissolve Ma…",https://consent.google.com/ml?continue=https://news.google.com/rss/articles/CBMihwFodHRwczovL3d3dy50aGVoaW5kdS5jb20vbmV3cy9uYXRpb25hbC9zdXByZW1lLWNvdXJ0LXNheXMtaXQtY2FuLWdyYW50LWRpdm9yY2Utb24tZ3JvdW5kLW9mLWlycmV0cmlldmFibGUtYnJlYWtkb3duL2FydGljbGU2Njc5OTIwMC5lY2XSAYwBaHR0cHM6Ly93d3cudGhlaGluZHUuY29tL25ld3MvbmF0aW9uYWwvc3VwcmVtZS1jb3VydC1zYXlzLWl0LWNhbi1ncmFudC1kaXZvcmNlLW9uLWdyb3VuZC1vZi1pcnJldHJpZXZhYmxlLWJyZWFrZG93bi9hcnRpY2xlNjY3OTkyMDAuZWNlL2FtcC8?oc%3D5&gl=FR&hl=en-US&cm=2&pc=n&src=1,,2023-05-01T05:42:00Z,"We use cookies and data to<ul><li>Deliver and maintain Google services</li><li>Track outages and protect against spam, fraud, and abuse</li><li>Measure audience engagement and site statistics to unde… [+1131 chars]"
"{'id': 'google-news', 'name': 'Google News'}",,Padres aim to shake off jet lag vs. Reds - Reuters,Padres aim to shake off jet lag vs. Reds  Reuters,https://consent.google.com/ml?continue=https://news.google.com/rss/articles/CBMiWGh0dHBzOi8vd3d3LnJldXRlcnMuY29tL3Nwb3J0cy9iYXNlYmFsbC9wYWRyZXMtYWltLXNoYWtlLW9mZi1qZXQtbGFnLXZzLXJlZHMtMjAyMy0wNS0wMS_SAQA?oc%3D5&gl=FR&hl=en-US&cm=2&pc=n&src=1,,2023-05-01T05:41:33Z,"We use cookies and data to<ul><li>Deliver and maintain Google services</li><li>Track outages and protect against spam, fraud, and abuse</li><li>Measure audience engagement and site statistics to unde… [+1131 chars]"
"{'id': 'google-news', 'name': 'Google News'}",,攻城獅Thank you總經理胡瓏智上季PLG亞軍本季無緣季後賽 - ETtoday運動雲,攻城獅Thank you總經理胡瓏智上季PLG亞軍本季無緣季後賽  ETtoday運動雲前往 Google 新聞查看完整報導,https://consent.google.com/ml?continue=https://news.google.com/rss/articles/CBMiJ2h0dHBzOi8vc3BvcnRzLmV0dG9kYXkubmV0L25ld3MvMjQ5MDAwNdIBAA?oc%3D5&gl=FR&hl=en-US&cm=2&pc=n&src=1,,2023-05-01T05:41:00Z,"We use cookies and data to<ul><li>Deliver and maintain Google services</li><li>Track outages and protect against spam, fraud, and abuse</li><li>Measure audience engagement and site statistics to unde… [+1131 chars]"
"{'id': 'google-news', 'name': 'Google News'}",,英超综合：利物浦绝杀热刺 曼城力克富勒姆_国内_新闻频道 - 云南网,"<ol><li>英超综合：利物浦绝杀热刺 曼城力克富勒姆_国内_新闻频道  云南网
</li><li>英超-若塔独秒绝杀萨拉赫破门利物浦4-3热刺  新浪
</li><li>◤英超◢若塔绝杀 利物浦4比3挫热刺|中國報  中国报
</li><li>◤英超◢欧战资格6分战 红军再拔眼中“刺”|中國報  中国报
</li><li>在Google 新闻上查看完整报道</li></ol>",https://consent.google.com/ml?continue=https://news.google.com/rss/articles/CBMiOGh0dHBzOi8vbmV3cy55dW5uYW4uY24vc3lzdGVtLzIwMjMvMDUvMDEvMDMyNTcwOTc0LnNodG1s0gEA?oc%3D5&gl=FR&hl=en-US&cm=2&pc=n&src=1,,2023-05-01T05:40:08Z,"We use cookies and data to<ul><li>Deliver and maintain Google services</li><li>Track outages and protect against spam, fraud, and abuse</li><li>Measure audience engagement and site statistics to unde… [+1131 chars]"
"{'id': 'google-news', 'name': 'Google News'}",,Vandals spray graffiti again on Saigon metro train - VnExpress International,Vandals spray graffiti again on Saigon metro train  VnExpress International,https://consent.google.com/ml?continue=https://news.google.com/rss/articles/CBMiYWh0dHBzOi8vZS52bmV4cHJlc3MubmV0L25ld3MvbmV3cy92YW5kYWxzLXNwcmF5LWdyYWZmaXRpLWFnYWluLW9uLXNhaWdvbi1tZXRyby10cmFpbi00NjAwMjAyLmh0bWzSAWRodHRwczovL2FtcGUudm5leHByZXNzLm5ldC9uZXdzL25ld3MvdmFuZGFscy1zcHJheS1ncmFmZml0aS1hZ2Fpbi1vbi1zYWlnb24tbWV0cm8tdHJhaW4tNDYwMDIwMi5odG1s?oc%3D5&gl=FR&hl=en-US&cm=2&pc=n&src=1,,2023-05-01T05:40:05Z,"We use cookies and data to<ul><li>Deliver and maintain Google services</li><li>Track outages and protect against spam, fraud, and abuse</li><li>Measure audience engagement and site statistics to unde… [+1131 chars]"
"{'id': 'google-news', 'name': 'Google News'}",,"FPIs raise stakes in Yes Bank, IDFC First and Axis Bank in FY23 - BusinessLine","<ol><li>FPIs raise stakes in Yes Bank, IDFC First and Axis Bank in FY23  BusinessLine
</li><li>Reasonable valuation, rupee rise attract Rs 11,630 crore FPI funds into equities  Moneycontrol
</li><li>FPIs invest Rs 11,630 cr in equities in April on reasonabl…",https://consent.google.com/ml?continue=https://news.google.com/rss/articles/CBMiiQFodHRwczovL3d3dy50aGVoaW5kdWJ1c2luZXNzbGluZS5jb20vbW9uZXktYW5kLWJhbmtpbmcvZnBpcy1yYWlzZS1zdGFrZXMtaW4teWVzLWJhbmstaWRmYy1maXJzdC1hbmQtYXhpcy1iYW5rLWluLWZ5MjMvYXJ0aWNsZTY2Nzk2NTM2LmVjZdIBjgFodHRwczovL3d3dy50aGVoaW5kdWJ1c2luZXNzbGluZS5jb20vbW9uZXktYW5kLWJhbmtpbmcvZnBpcy1yYWlzZS1zdGFrZXMtaW4teWVzLWJhbmstaWRmYy1maXJzdC1hbmQtYXhpcy1iYW5rLWluLWZ5MjMvYXJ0aWNsZTY2Nzk2NTM2LmVjZS9hbXAv?oc%3D5%26hl%3Den-CA%26gl%3DCA%26ceid%3DCA:en&gl=FR&hl=en-CA&cm=2&pc=n&src=1,,2023-05-01T05:39:01Z,"We use cookies and data to<ul><li>Deliver and maintain Google services</li><li>Track outages and protect against spam, fraud, and abuse</li><li>Measure audience engagement and site statistics to unde… [+1131 chars]"
"{'id': 'google-news', 'name': 'Google News'}",,郭台銘拋重啟核四 學者︰理性一點 核電廠蓋愈多台灣只會更缺電 - 自由時報,"<ol><li>郭台銘拋重啟核四 學者︰理性一點 核電廠蓋愈多台灣只會更缺電  自由時報
</li><li>綠營圍剿肺癌說 郭台銘發文怒嗆斷章取義  Yahoo奇摩新聞
</li><li>台電：中火較2015年減煤600萬噸 整體空污減六成  經濟日報
</li><li>「台積電不來高雄因為沒有電」！郭台銘拋：半屏山設小型核能發電站｜三立新聞網SETN.com  三立新聞網SETN
</li><li>郭台銘喊「票投綠生肺癌」 民進黨團要求道歉  Yahoo奇摩新聞
</li><li>前往 Google …",https://consent.google.com/ml?continue=https://news.google.com/rss/articles/CBMiOmh0dHBzOi8vbmV3cy5sdG4uY29tLnR3L25ld3MvcG9saXRpY3MvYnJlYWtpbmduZXdzLzQyODcxODjSAT5odHRwczovL25ld3MubHRuLmNvbS50dy9hbXAvbmV3cy9wb2xpdGljcy9icmVha2luZ25ld3MvNDI4NzE4OA?oc%3D5&gl=FR&hl=en-US&cm=2&pc=n&src=1,,2023-05-01T05:38:04Z,"We use cookies and data to<ul><li>Deliver and maintain Google services</li><li>Track outages and protect against spam, fraud, and abuse</li><li>Measure audience engagement and site statistics to unde… [+1131 chars]"
"{'id': 'google-news', 'name': 'Google News'}",,Wagner-Chef Prigoschin: Ukrainische Gegenoffensive „könnte zu einer Tragödie für unser Land werden“ - Tagesspiegel,"<ol><li>Wagner-Chef Prigoschin: Ukrainische Gegenoffensive „könnte zu einer Tragödie für unser Land werden“  Tagesspiegel
</li><li>Warten auf ukrainische Offensive: Wagner-Chef Prigoschin sieht Russland »am Rande einer Katastrophe«  DER SPIEGEL
</li><li>Kri…",https://consent.google.com/ml?continue=https://news.google.com/rss/articles/CBMimQFodHRwczovL3d3dy50YWdlc3NwaWVnZWwuZGUvaW50ZXJuYXRpb25hbGVzL3dhZ25lci1jaGVmLXByaWdvc2NoaW4tdWtyYWluaXNjaGUtZ2VnZW5vZmZlbnNpdmUta29ubnRlLXp1LWVpbmVyLXRyYWdvZGllLWZ1ci11bnNlci1sYW5kLXdlcmRlbi05NzQ1MjMyLmh0bWzSAQA?oc%3D5&gl=FR&hl=en-US&cm=2&pc=n&src=1,,2023-05-01T05:37:52Z,"We use cookies and data to<ul><li>Deliver and maintain Google services</li><li>Track outages and protect against spam, fraud, and abuse</li><li>Measure audience engagement and site statistics to unde… [+1131 chars]"
"{'id': 'google-news', 'name': 'Google News'}",,Can Grant Divorce Without 6-Month Wait If... : Supreme Court's Order - NDTV,"<ol><li>Can Grant Divorce Without 6-Month Wait If... : Supreme Court's Order  NDTV
</li><li>Big SC Order on Divorces: Court Says It Can Dissolve a Marriage On Ground of 'Irretrievable Breakdown'  News18
</li><li>SC Likely To Pronounce Verdict On Marriage Di…",https://consent.google.com/ml?continue=https://news.google.com/rss/articles/CBMirAFodHRwczovL3d3dy5uZHR2LmNvbS9pbmRpYS1uZXdzL3N1cHJlbWUtY291cnQtc2F5cy1pdC1jYW4tZGlzc29sdmUtbWFycmlhZ2Utb24tZ3JvdW5kLW9mLWlycmV0cmlldmFibGUtYnJlYWtkb3duLWNhbi1kby1hd2F5LXdpdGgtNi1tb250aC13YWl0aW5nLXBlcmlvZC1mb3ItZGl2b3JjZS0zOTk0MTEw0gGyAWh0dHBzOi8vd3d3Lm5kdHYuY29tL2luZGlhLW5ld3Mvc3VwcmVtZS1jb3VydC1zYXlzLWl0LWNhbi1kaXNzb2x2ZS1tYXJyaWFnZS1vbi1ncm91bmQtb2YtaXJyZXRyaWV2YWJsZS1icmVha2Rvd24tY2FuLWRvLWF3YXktd2l0aC02LW1vbnRoLXdhaXRpbmctcGVyaW9kLWZvci1kaXZvcmNlLTM5OTQxMTAvYW1wLzE?oc%3D5&gl=FR&hl=en-US&cm=2&pc=n&src=1,,2023-05-01T05:37:30Z,"We use cookies and data to<ul><li>Deliver and maintain Google services</li><li>Track outages and protect against spam, fraud, and abuse</li><li>Measure audience engagement and site statistics to unde… [+1131 chars]"
"{'id': 'google-news', 'name': 'Google News'}",,"Heat, Butler (now ailing) make another playoff statement, push past Knicks 108-101 in series opener - South Florida Sun Sentinel","<ol><li>Heat, Butler (now ailing) make another playoff statement, push past Knicks 108-101 in series opener  South Florida Sun Sentinel
</li><li>Underdogs again, disrespected Miami Heat quiet Garden with Game 1 upset at New York Knicks | Opinion  Miami Heral…",https://consent.google.com/ml?continue=https://news.google.com/rss/articles/CBMiiAFodHRwczovL3d3dy5zdW4tc2VudGluZWwuY29tLzIwMjMvMDQvMzAvaGVhdC1idXRsZXItbm93LWFpbGluZy1tYWtlLWFub3RoZXItcGxheW9mZi1zdGF0ZW1lbnQtcHVzaC1wYXN0LWtuaWNrcy0xMDgtMTAxLWluLXNlcmllcy1vcGVuZXIv0gEA?oc%3D5&gl=FR&hl=en-US&cm=2&pc=n&src=1,,2023-05-01T05:36:19Z,"We use cookies and data to<ul><li>Deliver and maintain Google services</li><li>Track outages and protect against spam, fraud, and abuse</li><li>Measure audience engagement and site statistics to unde… [+1131 chars]"
"{'id': 'cnn', 'name': 'CNN'}",CNN بالعربية,السعودية.. شخص يصدم مركبات بدون توقف والأمن يكشف الحالة التي كان بها,أعلن الأمن العام السعودي إلقاء القبض على سائق قام بصدم مركبات أخرى بطريقة متعمدة وذلك بعد انتشار المقطع بشكل واسع على تويتر الأحد,https://arabic.cnn.com/miscellaneous/article/2023/05/01/saudi-driver-hits-cars-police-comments,"https://cnn-arabic-images.cnn.io/cloudinary/image/upload/x_0,y_0,w_5364,h_3017,c_crop/w_1920,h_1008,c_fill,q_auto,g_center/t_cnnarabic_watermark_logo_v5/cnnarabic/2023/05/01/images/238996.jpg",2023-05-01T05:35:13Z,
"{'id': 'google-news', 'name': 'Google News'}",,Local business advises extra safety precautions during rainy weather - Western Massachusetts News,Local business advises extra safety precautions during rainy weather  Western Massachusetts News,https://consent.google.com/ml?continue=https://news.google.com/rss/articles/CBMicGh0dHBzOi8vd3d3Lndlc3Rlcm5tYXNzbmV3cy5jb20vMjAyMy8wNS8wMS9sb2NhbC1idXNpbmVzcy1hZHZpc2VzLWV4dHJhLXNhZmV0eS1wcmVjYXV0aW9ucy1kdXJpbmctcmFpbnktd2VhdGhlci_SAX9odHRwczovL3d3dy53ZXN0ZXJubWFzc25ld3MuY29tLzIwMjMvMDUvMDEvbG9jYWwtYnVzaW5lc3MtYWR2aXNlcy1leHRyYS1zYWZldHktcHJlY2F1dGlvbnMtZHVyaW5nLXJhaW55LXdlYXRoZXIvP291dHB1dFR5cGU9YW1w?oc%3D5%26hl%3Den-CA%26gl%3DCA%26ceid%3DCA:en&gl=FR&hl=en-CA&cm=2&pc=n&src=1,,2023-05-01T05:35:00Z,"We use cookies and data to<ul><li>Deliver and maintain Google services</li><li>Track outages and protect against spam, fraud, and abuse</li><li>Measure audience engagement and site statistics to unde… [+1131 chars]"
"{'id': 'google-news', 'name': 'Google News'}",,"Оставившая маленькую дочь Элина Камирен рассказала, как зацепить миллионера - Экспресс газета","Оставившая маленькую дочь Элина Камирен рассказала, как зацепить миллионера  Экспресс газета",https://consent.google.com/ml?continue=https://news.google.com/rss/articles/CBMiUWh0dHBzOi8vd3d3LmVnLnJ1L3Nob3didXNpbmVzcy8zMjExNzQyLWthbWlyZW4tcmFzc2themFsYS1rYWstemFjZXBpdC1taWxsaW9uZXJhL9IBVWh0dHBzOi8vd3d3LmVnLnJ1L3Nob3didXNpbmVzcy8zMjExNzQyLWthbWlyZW4tcmFzc2themFsYS1rYWstemFjZXBpdC1taWxsaW9uZXJhL2FtcC8?oc%3D5&gl=FR&hl=en-US&cm=2&pc=n&src=1,,2023-05-01T05:33:48Z,"We use cookies and data to<ul><li>Deliver and maintain Google services</li><li>Track outages and protect against spam, fraud, and abuse</li><li>Measure audience engagement and site statistics to unde… [+1131 chars]"
"{'id': 'abc-news', 'name': 'ABC News'}",KEN SWEET AP Business Writer,First Republic in limbo as US regulators juggle bank's fate,"Regulators are searching for a solution to First Republic Bank’s woes, hoping to find a way forward before U.S. stock markets open Monday",https://abcnews.go.com/US/wireStory/republic-limbo-us-regulators-juggle-banks-fate-98978196,https://s.abcnews.com/images/US/wirestory_5ab48702b7136d42f73ac13e0a20955d_12x5_992.jpg,2023-05-01T05:33:10Z,"NEW YORK -- Regulators searched for a solution to First Republic Banks woes over the weekend, hoping to find a way forward before U.S. stock markets opened Monday. 
San Francisco-based First Republi… [+4496 chars]"
"{'id': 'cnn', 'name': 'CNN'}","Elizabeth Wolfe,Ed Lavandera",Father whose wife and child were among 5 shot and killed by a neighbor in Texas recalls how the attack unfolded,"A massive manhunt is still underway in Texas as more than 250 law enforcement officers from more than a dozen agencies search for the man suspected of shooting and killing five of his neighbors, including a young child, after he was asked to stop firing his r…",https://www.cnn.com/2023/05/01/us/cleveland-texas-neighbor-shooting-monday/index.html,"https://media.cnn.com/api/v1/images/stellar/prod/230430203535-sonia-argentina-guzman-daniel-enrique-laso-guzman.jpg?c=16x9&q=w_800,c_fill",2023-05-01T05:33:09Z,"A massive manhunt is still underway in Texas as more than 250 law enforcement officers from more than a dozen agencies search for the man suspected of shooting and killing five of his neighbors, incl… [+4581 chars]"
"{'id': 'bbc-news', 'name': 'BBC News'}",,Premier League reaction: Liverpool win thriller and Man City go top,Reaction and analysis following an eventful weekend featuring a seven-goal Liverpool thriller and Manchester City knocking Arsenal off top spot.,https://www.bbc.co.uk/sport/live/football/65446475,https:////m.files.bbci.co.uk/modules/bbc-morph-sport-seo-meta/1.23.3/images/bbc-sport-logo.png,2023-05-01T05:33:03Z,"What a day that was on Sunday!
So much to get in to. We'll look at Liverpool v Spurs, one of the games of the season at Anfield. Seven goals, bad tempers and a whole lot to unpack.
What has gone wr… [+233 chars]"
"{'id': 'google-news', 'name': 'Google News'}",,Geteiltes Echo bei Politikern: Gewerkschaften beharren auf Vier-Tage-Woche - n-tv NACHRICHTEN,"<ol><li>Geteiltes Echo bei Politikern: Gewerkschaften beharren auf Vier-Tage-Woche  n-tv NACHRICHTEN
</li><li>Neue Debatte um Viertagewoche zum Tag der Arbeit: Ein Modell mit Zukunft?  Berliner Zeitung
</li><li>Viertagewoche: Arbeitgeber nennen Eskens Vorsc…",https://consent.google.com/ml?continue=https://news.google.com/rss/articles/CBMiX2h0dHBzOi8vd3d3Lm4tdHYuZGUvd2lydHNjaGFmdC9HZXdlcmtzY2hhZnRlbi1iZWhhcnJlbi1hdWYtVmllci1UYWdlLVdvY2hlLWFydGljbGUyNDA5MDM5NS5odG1s0gFfaHR0cHM6Ly9hbXAubi10di5kZS93aXJ0c2NoYWZ0L0dld2Vya3NjaGFmdGVuLWJlaGFycmVuLWF1Zi1WaWVyLVRhZ2UtV29jaGUtYXJ0aWNsZTI0MDkwMzk1Lmh0bWw?oc%3D5%26hl%3Den-CA%26gl%3DCA%26ceid%3DCA:en&gl=FR&hl=en-CA&cm=2&pc=n&src=1,,2023-05-01T05:33:00Z,"We use cookies and data to<ul><li>Deliver and maintain Google services</li><li>Track outages and protect against spam, fraud, and abuse</li><li>Measure audience engagement and site statistics to unde… [+1131 chars]"
"{'id': 'google-news', 'name': 'Google News'}",,"Massachusetts pupil is 'kicked out of school' for wearing shirt saying ""there are only two genders"" - Daily Mail","<ol><li>Massachusetts pupil is 'kicked out of school' for wearing shirt saying ""there are only two genders""  Daily Mail
</li><li>Middle school student allegedly sent home for refusing to change shirt that said 'There are only two genders'  Fox News
</li><li…",https://consent.google.com/ml?continue=https://news.google.com/rss/articles/CBMieWh0dHBzOi8vd3d3LmRhaWx5bWFpbC5jby51ay9uZXdzL2FydGljbGUtMTIwMzI0OTUvTWFzc2FjaHVzZXR0cy1wdXBpbC1raWNrZWQtc2Nob29sLXdlYXJpbmctc2hpcnQtc2F5aW5nLXR3by1nZW5kZXJzLmh0bWzSAX1odHRwczovL3d3dy5kYWlseW1haWwuY28udWsvbmV3cy9hcnRpY2xlLTEyMDMyNDk1L2FtcC9NYXNzYWNodXNldHRzLXB1cGlsLWtpY2tlZC1zY2hvb2wtd2VhcmluZy1zaGlydC1zYXlpbmctdHdvLWdlbmRlcnMuaHRtbA?oc%3D5&gl=FR&hl=en-US&cm=2&pc=n&src=1,,2023-05-01T05:32:55Z,"We use cookies and data to<ul><li>Deliver and maintain Google services</li><li>Track outages and protect against spam, fraud, and abuse</li><li>Measure audience engagement and site statistics to unde… [+1131 chars]"
"{'id': 'abc-news', 'name': 'ABC News'}",MAYSOON KHAN and MICHAEL HILL Associated Press,Operator in limo crash that killed 20 goes on trial in NY,The operator of a limousine service involved in a crash that killed 20 people in central New York is going on trial,https://abcnews.go.com/Politics/wireStory/operator-limo-crash-killed-20-trial-ny-98978288,https://s.abcnews.com/images/US/wirestory_d139191e936e1a4678272618aecfb079_16x9_992.jpg,2023-05-01T05:32:45Z,"SCHOHARIE, N.Y. -- Nearly five years after a stretch limousine packed with birthday revelers careened down a hill and off a road in rural upstate New York, killing 20 people, the operator of the comp… [+5258 chars]"
"{'id': 'google-news', 'name': 'Google News'}",,ВСУ: Ночью уничтожены 15 из 18 российских крылатых ракет - DW НА РУССКОМ,"<ol><li>ВСУ: Ночью уничтожены 15 из 18 российских крылатых ракет  DW НА РУССКОМ
</li><li>Россия атаковала Украину ракетами: в ряде областей работала ПВО  УНИАН
</li><li>В Сети появились фото, как люди ожидают окончания воздушной тревоги в метро  ТСН - Новос…",https://consent.google.com/ml?continue=https://news.google.com/rss/articles/CBMiXGh0dHBzOi8vd3d3LmR3LmNvbS9ydS96YWx1em55ai1ub2N1LXVuaWN0b3plbnktMTUtaXotMTgtcm9zc2lqc2tpaC1rcnlsYXR5aC1yYWtldC9hLTY1NDc3NDM40gFcaHR0cHM6Ly9hbXAuZHcuY29tL3J1L3phbHV6bnlqLW5vY3UtdW5pY3RvemVueS0xNS1pei0xOC1yb3NzaWpza2loLWtyeWxhdHloLXJha2V0L2EtNjU0Nzc0Mzg?oc%3D5%26hl%3Den-CA%26gl%3DCA%26ceid%3DCA:en&gl=FR&hl=en-CA&cm=2&pc=n&src=1,,2023-05-01T05:31:54Z,"We use cookies and data to<ul><li>Deliver and maintain Google services</li><li>Track outages and protect against spam, fraud, and abuse</li><li>Measure audience engagement and site statistics to unde… [+1131 chars]"
"{'id': 'google-news', 'name': 'Google News'}",,紅襪名記者專訪張育成！受傷後竟然哭了 - Yahoo奇摩新聞,"<ol><li>紅襪名記者專訪張育成！受傷後竟然哭了  Yahoo奇摩新聞
</li><li>MLB》紅襪送給張育成愛女禮物曝光「期待帶她來波士頓」  自由時報
</li><li>張育成手感開始升溫時受傷 坦言很沮喪也哭了│TVBS新聞網  TVBS
</li><li>MLB／受傷後哭了…張育成坦言這一傷是時機不好的重挫  Yahoo奇摩運動
</li><li>MLB》「感到沮喪！」坦言受傷後落下男兒淚 張育成說出心裡話  自由時報
</li><li>前往 Google 新聞查看完整報導</li></o…",https://consent.google.com/ml?continue=https://news.google.com/rss/articles/CBMiwwFodHRwczovL3R3Lm5ld3MueWFob28uY29tLyVFNyVCNCU4NSVFOCVBNSVBQSVFNSU5MCU4RCVFOCVBOCU5OCVFOCU4MCU4NSVFNSVCMCU4OCVFOCVBOCVBQSVFNSVCQyVCNSVFOCU4MiVCMiVFNiU4OCU5MC0lRTUlOEYlOTclRTUlODIlQjclRTUlQkUlOEMlRTclQUIlOUYlRTclODQlQjYlRTUlOTMlQUQlRTQlQkElODYtMDUyNjQ2MDUzLmh0bWzSAcsBaHR0cHM6Ly90dy5uZXdzLnlhaG9vLmNvbS9hbXBodG1sLyVFNyVCNCU4NSVFOCVBNSVBQSVFNSU5MCU4RCVFOCVBOCU5OCVFOCU4MCU4NSVFNSVCMCU4OCVFOCVBOCVBQSVFNSVCQyVCNSVFOCU4MiVCMiVFNiU4OCU5MC0lRTUlOEYlOTclRTUlODIlQjclRTUlQkUlOEMlRTclQUIlOUYlRTclODQlQjYlRTUlOTMlQUQlRTQlQkElODYtMDUyNjQ2MDUzLmh0bWw?oc%3D5%26hl%3Den-CA%26gl%3DCA%26ceid%3DCA:en&gl=FR&hl=en-CA&cm=2&pc=n&src=1,,2023-05-01T05:31:06Z,"We use cookies and data to<ul><li>Deliver and maintain Google services</li><li>Track outages and protect against spam, fraud, and abuse</li><li>Measure audience engagement and site statistics to unde… [+1131 chars]"
"{'id': 'google-news', 'name': 'Google News'}",,Mangiare pasta senza ingrassare è il tuo sogno proibito? Ti sveliamo come trasformarlo in realtà! - Moda e Immagine - Moda e Immagine,"<ol><li>Mangiare pasta senza ingrassare è il tuo sogno proibito? Ti sveliamo come trasformarlo in realtà! - Moda e Immagine  Moda e Immagine
</li><li>Conti sempre le calorie di ciò che mangi? Ecco perché non dovresti mai farlo  PontileNews
</li><li>Beate qu…",https://consent.google.com/ml?continue=https://news.google.com/rss/articles/CBMiSGh0dHBzOi8vd3d3Lm1vZGFlaW1tYWdpbmUuaXQvMjAyMy8wNS8wMS9tYW5naWFyZS1wYXN0YS1zZW56YS1pbmdyYXNzYXJlL9IBTGh0dHBzOi8vd3d3Lm1vZGFlaW1tYWdpbmUuaXQvMjAyMy8wNS8wMS9tYW5naWFyZS1wYXN0YS1zZW56YS1pbmdyYXNzYXJlL2FtcC8?oc%3D5&gl=FR&hl=en-US&cm=2&pc=n&src=1,,2023-05-01T05:30:43Z,"We use cookies and data to<ul><li>Deliver and maintain Google services</li><li>Track outages and protect against spam, fraud, and abuse</li><li>Measure audience engagement and site statistics to unde… [+1131 chars]"
"{'id': 'google-news', 'name': 'Google News'}",,Johannes Hallers größte Macke: Er hilft nicht im Haushalt! - Promiflash.de,Johannes Hallers größte Macke: Er hilft nicht im Haushalt!  Promiflash.de,https://consent.google.com/ml?continue=https://news.google.com/rss/articles/CBMiaWh0dHBzOi8vd3d3LnByb21pZmxhc2guZGUvbmV3cy8yMDIzLzA1LzAxL2pvaGFubmVzLWhhbGxlcnMtZ3JvZXNzdGUtbWFja2UtZXItaGlsZnQtbmljaHQtaW0taGF1c2hhbHQuaHRtbNIBbWh0dHBzOi8vd3d3LnByb21pZmxhc2guZGUvbmV3cy8yMDIzLzA1LzAxL2pvaGFubmVzLWhhbGxlcnMtZ3JvZXNzdGUtbWFja2UtZXItaGlsZnQtbmljaHQtaW0taGF1c2hhbHQuYW1wLmh0bWw?oc%3D5&gl=FR&hl=en-US&cm=2&pc=n&src=1,,2023-05-01T05:30:00Z,"We use cookies and data to<ul><li>Deliver and maintain Google services</li><li>Track outages and protect against spam, fraud, and abuse</li><li>Measure audience engagement and site statistics to unde… [+1131 chars]"
"{'id': 'google-news', 'name': 'Google News'}",,10 life threatening diseases regular eye tests can detect - Times of India,10 life threatening diseases regular eye tests can detect  Times of IndiaView Full coverage on Google News,https://consent.google.com/ml?continue=https://news.google.com/rss/articles/CBMimwFodHRwczovL3RpbWVzb2ZpbmRpYS5pbmRpYXRpbWVzLmNvbS9saWZlLXN0eWxlL2hlYWx0aC1maXRuZXNzL2hlYWx0aC1uZXdzLzEwLWxpZmUtdGhyZWF0ZW5pbmctZGlzZWFzZXMtcmVndWxhci1leWUtdGVzdHMtY2FuLWRldGVjdC9waG90b3N0b3J5Lzk5ODY3Nzg1LmNtc9IBmAFodHRwczovL20udGltZXNvZmluZGlhLmNvbS9saWZlLXN0eWxlL2hlYWx0aC1maXRuZXNzL2hlYWx0aC1uZXdzLzEwLWxpZmUtdGhyZWF0ZW5pbmctZGlzZWFzZXMtcmVndWxhci1leWUtdGVzdHMtY2FuLWRldGVjdC9hbXBfZXRwaG90b3N0b3J5Lzk5ODY3Nzg1LmNtcw?oc%3D5&gl=FR&hl=en-US&cm=2&pc=n&src=1,,2023-05-01T05:30:00Z,"We use cookies and data to<ul><li>Deliver and maintain Google services</li><li>Track outages and protect against spam, fraud, and abuse</li><li>Measure audience engagement and site statistics to unde… [+1131 chars]"
"{'id': 'google-news', 'name': 'Google News'}",,"Что случилось этой ночью: понедельник, 1 мая - Интерфакс","<ol><li>Что случилось этой ночью: понедельник, 1 мая  Интерфакс
</li><li>VOAэкспресс 1 мая 2023  ГОЛОС АМЕРИКИ - VOA Russian
</li><li>Пять главных новостей Украины и мира на 19:00 1 мая  Liga.net
</li><li>Что произошло за день: понедельник, 1 мая  Интерфак…",https://consent.google.com/ml?continue=https://news.google.com/rss/articles/CBMiJGh0dHBzOi8vd3d3LmludGVyZmF4LnJ1L3dvcmxkLzg5ODU0OdIBImh0dHBzOi8vd3d3LmludGVyZmF4LnJ1L2FtcC84OTg1NDk?oc%3D5&gl=FR&hl=en-US&cm=2&pc=n&src=1,,2023-05-01T05:30:00Z,"We use cookies and data to<ul><li>Deliver and maintain Google services</li><li>Track outages and protect against spam, fraud, and abuse</li><li>Measure audience engagement and site statistics to unde… [+1131 chars]"
"{'id': 'google-news', 'name': 'Google News'}",,Сырский: РФ не удается взять под контроль Бахмут - Корреспондент,"<ol><li>Сырский: РФ не удается взять под контроль Бахмут  Корреспондент
</li><li>Украинские подразделения контратаковали в Бахмуте: враг покинул некоторые позиции – Сырский  Украинская правда
</li><li>Маляр о ситуации в Бахмуте: россияне частично имели успе…",https://consent.google.com/ml?continue=https://news.google.com/rss/articles/CBMiWmh0dHBzOi8va29ycmVzcG9uZGVudC5uZXQvdWtyYWluZS80NTg1NzMzLXN5cnNreWktcmYtbmUtdWRhZXRzaWEtdnppYXQtcG9kLWtvbnRyb2wtYmFraG11dNIBVmh0dHBzOi8va29ycmVzcG9uZGVudC5uZXQvYW1wLzQ1ODU3MzMtc3lyc2t5aS1yZi1uZS11ZGFldHNpYS12emlhdC1wb2Qta29udHJvbC1iYWtobXV0?oc%3D5&gl=FR&hl=en-US&cm=2&pc=n&src=1,,2023-05-01T05:29:00Z,"We use cookies and data to<ul><li>Deliver and maintain Google services</li><li>Track outages and protect against spam, fraud, and abuse</li><li>Measure audience engagement and site statistics to unde… [+1131 chars]"
